,name,location,mobile_no,email,find_us,qualification,branch,career_issue,looking_for,technology,mode,time_slot,date,attended_by,no_persons,fee_details,year_of_pass_out,status,remarks,year,month
0,hidden,ramanattukara,hidden,hidden,google,ug,commerce,no_career_issue,others,data science,online,morning,2020-12-11,deepak,3,35000,2018,not joined,not impressed,2020,12
1,hidden,kozhikode,hidden,hidden,google,ug,electronics,no_career_issue,work experience,mern,offline,morning,2020-07-12,lekha,2,60000,2016,not joined,not interested,2020,7
2,hidden,nadakkavu,hidden,hidden,social media,pg,electronics,no_career_issue,others,java,offline,morning,2020-07-26,baiju,3,60000,2020,not joined,joined other institude,2020,7
3,hidden,ramanattukara,hidden,hidden,social media,ug,other,non it background,short term course,python,offline,morning,2020-01-18,baiju,3,35000,2018,not joined,not interested,2020,1
4,hidden,westhill,hidden,hidden,social media,ug,computer science,no_career_issue,work experience,python,online,evening,2020-03-15,rifna,5,60000,2018,not joined,not okay,2020,3
5,hidden,kozhikode,hidden,hidden,social media,ug,commerce,career gap,work experience,data science,offline,morning,2020-06-01,lekha,2,35000,2020,not joined,not okay,2020,6
6,hidden,kozhikode,hidden,hidden,social media,ug,computer science,no_career_issue,short term course,ai,offline,morning,2020-09-26,sandra,1,60000,2017,joined,not impressed,2020,9
7,hidden,trivandrum,hidden,hidden,google,pg,electronics,no_career_issue,short term course,flutter,offline,evening,2020-11-10,faisal,1,12500,2015,not joined,suspected,2020,11
8,hidden,nadakkavu,hidden,hidden,social media,ug,other,no_career_issue,work experience,python,offline,morning,2020-10-09,baiju,2,60000,2020,not joined,call not picking,2020,10
9,hidden,chaliyam,hidden,hidden,social media,ug,computer science,no_career_issue,job oriented course,mern,offline,morning,2020-04-07,faisal,1,12500,2018,not joined,joined other institude,2020,4
10,hidden,kozhikode,hidden,hidden,social media,ug,other,no_career_issue,short term course,testing,offline,evening,2020-04-04,lekha,1,60000,2019,not joined,suspected,2020,4
11,hidden,kovoor,hidden,hidden,others,ug,electronics,backpapers,job oriented course,java,online,evening,2020-08-19,baiju,2,60000,2018,not joined,joined other institude,2020,8
12,hidden,nadakkavu,hidden,hidden,social media,ug,civil,backpapers,it internship,python,online,evening,2020-06-17,lekha,1,60000,2018,not joined,suspected,2020,6
13,hidden,manjeri,hidden,hidden,social media,ug,commerce,no_career_issue,job oriented course,python,offline,afternoon,2020-10-08,rifna,1,60000,2015,not joined,high fee,2020,10
14,hidden,palakkad,hidden,hidden,reference,ug,electronics,career gap,others,mern,hybrid,morning,2020-09-08,baiju,2,60000,2015,not joined,not impressed,2020,9
15,hidden,kozhikode,hidden,hidden,google,ug,electronics,no_career_issue,others,flutter,online,morning,2020-06-04,baiju,2,60000,2018,not joined,call not picking,2020,6
16,hidden,nadakkavu,hidden,hidden,social media,ug,mechanical,backpapers,job oriented course,ai,offline,morning,2020-05-23,monish,1,60000,2017,joined,not impressed,2020,5
17,hidden,kovoor,hidden,hidden,reference,ug,civil,no_career_issue,job oriented course,java,hybrid,weekend,2020-05-08,sivaprasad,2,60000,2015,not joined,high fee,2020,5
18,hidden,kozhikode,hidden,hidden,google,ug,other,no_career_issue,job oriented course,mern,offline,afternoon,2020-12-23,baiju,1,60000,2020,not joined,suspected,2020,12
19,hidden,nadakkavu,hidden,hidden,social media,ug,other,no_career_issue,short term course,mern,online,morning,2020-06-21,baiju,5,60000,2016,joined,not impressed,2020,6
20,hidden,kottayam,hidden,hidden,social media,ug,civil,no_career_issue,it internship,data science,offline,weekend,2020-10-19,baiju,1,12500,2015,not joined,not impressed,2020,10
21,hidden,medical college,hidden,hidden,social media,plus 2,commerce,no_career_issue,work experience,java,offline,morning,2020-12-07,baiju,1,60000,2018,not joined,not impressed,2020,12
22,hidden,thrissur,hidden,hidden,social media,ug,civil,no_career_issue,job oriented course,ai,hybrid,morning,2020-02-16,baiju,5,60000,2019,not joined,not impressed,2020,2
23,hidden,nilambur,hidden,hidden,others,diploma,electronics,career gap,job oriented course,data science,offline,evening,2020-02-23,lekha,2,60000,2015,joined,not impressed,2020,2
24,hidden,nadakkavu,hidden,hidden,social media,ug,civil,no_career_issue,work experience,mern,online,morning,2020-12-12,monish,1,35000,2018,not joined,joined other institude,2020,12
25,hidden,kannur,hidden,hidden,others,ug,mechanical,no_career_issue,work experience,others,offline,morning,2020-07-24,sandra,1,60000,2019,not joined,not interested,2020,7
26,hidden,westhill,hidden,hidden,social media,ug,electronics,non it background,others,flutter,offline,morning,2020-09-25,faisal,1,35000,2020,not joined,not okay,2020,9
27,hidden,kozhikode,hidden,hidden,social media,diploma,electronics,career gap,short term course,ai,online,morning,2020-07-15,faisal,6,60000,2016,not joined,not impressed,2020,7
28,hidden,kozhikode,hidden,hidden,social media,others,electronics,backpapers,others,python,offline,weekend,2020-07-11,baiju,2,35000,2019,not joined,call not picking,2020,7
29,hidden,ernakulam,hidden,hidden,reference,ug,commerce,non it background,work experience,python,offline,morning,2020-04-07,baiju,1,60000,2018,not joined,not interested,2020,4
30,hidden,tirur,hidden,hidden,google,sslc,electronics,no_career_issue,it internship,python,offline,morning,2020-10-07,deepak,1,60000,2020,not joined,not impressed,2020,10
31,hidden,kovoor,hidden,hidden,social media,ug,computer science,career gap,it internship,data science,offline,weekend,2020-02-03,baiju,1,60000,2020,not joined,not interested,2020,2
32,hidden,westhill,hidden,hidden,social media,ug,mechanical,no_career_issue,others,web designing,offline,afternoon,2020-05-26,anupama,1,60000,2018,joined,not impressed,2020,5
33,hidden,tanur,hidden,hidden,others,pg,civil,career gap,job oriented course,python,hybrid,afternoon,2020-04-13,baiju,1,60000,2016,not joined,not okay,2020,4
34,hidden,ponnani,hidden,hidden,others,pg,mechanical,no_career_issue,it internship,python,offline,afternoon,2020-07-25,anupama,2,60000,2017,joined,not impressed,2020,7
35,hidden,tirur,hidden,hidden,social media,ug,computer science,no_career_issue,work experience,python,offline,weekend,2020-10-05,sandra,1,35000,2016,not joined,joined other institude,2020,10
36,hidden,nadakkavu,hidden,hidden,others,sslc,other,backpapers,it internship,data science,offline,morning,2020-10-27,sandra,2,60000,2020,not joined,not interested,2020,10
37,hidden,chevayur,hidden,hidden,social media,ug,electronics,career gap,it internship,java,offline,afternoon,2020-07-18,lekha,5,12500,2015,not joined,joined other institude,2020,7
38,hidden,ernakulam,hidden,hidden,social media,ug,commerce,career gap,work experience,python,offline,morning,2020-02-05,baiju,1,60000,2018,not joined,call not picking,2020,2
39,hidden,manjeri,hidden,hidden,social media,pg,mechanical,no_career_issue,others,python,offline,afternoon,2020-06-18,baiju,4,12500,2016,not joined,not impressed,2020,6
40,hidden,wayanad,hidden,hidden,social media,pg,civil,no_career_issue,short term course,java,online,morning,2020-02-15,baiju,1,60000,2016,not joined,not interested,2020,2
41,hidden,kozhikode,hidden,hidden,social media,ug,commerce,backpapers,work experience,mern,offline,morning,2020-06-13,anupama,1,35000,2019,not joined,not interested,2020,6
42,hidden,kozhikode,hidden,hidden,google,ug,civil,career gap,short term course,mern,online,morning,2020-05-07,anupama,2,60000,2015,joined,not impressed,2020,5
43,hidden,chevayur,hidden,hidden,google,ug,commerce,no_career_issue,others,ai,offline,morning,2020-05-05,baiju,2,60000,2020,not joined,high fee,2020,5
44,hidden,kozhikode,hidden,hidden,google,ug,electronics,no_career_issue,job oriented course,data science,hybrid,morning,2020-01-09,deepak,2,60000,2020,not joined,call not picking,2020,1
45,hidden,nadakkavu,hidden,hidden,reference,ug,other,non it background,short term course,mern,offline,morning,2020-07-26,rifna,1,60000,2017,not joined,not okay,2020,7
46,hidden,chevayur,hidden,hidden,social media,ug,mechanical,no_career_issue,others,data science,offline,morning,2020-07-01,baiju,1,60000,2020,not joined,not okay,2020,7
47,hidden,trivandrum,hidden,hidden,social media,ug,commerce,backpapers,short term course,mern,hybrid,evening,2020-02-05,baiju,3,60000,2019,not joined,high fee,2020,2
48,hidden,trivandrum,hidden,hidden,reference,ug,electronics,no_career_issue,job oriented course,mern,hybrid,morning,2020-11-05,baiju,2,35000,2015,not joined,call not picking,2020,11
49,hidden,farook,hidden,hidden,social media,diploma,commerce,no_career_issue,work experience,data science,offline,morning,2020-05-02,lekha,2,60000,2017,not joined,not interested,2020,5
50,hidden,ramanattukara,hidden,hidden,social media,ug,mechanical,non it background,work experience,java,offline,afternoon,2020-09-05,baiju,2,60000,2019,not joined,not impressed,2020,9
51,hidden,kannur,hidden,hidden,google,pg,electronics,non it background,work experience,mern,offline,weekend,2020-05-13,anupama,1,60000,2020,not joined,suspected,2020,5
52,hidden,manjeri,hidden,hidden,social media,pg,electronics,no_career_issue,short term course,java,offline,afternoon,2020-07-18,sandra,1,60000,2015,joined,not impressed,2020,7
53,hidden,palakkad,hidden,hidden,social media,ug,civil,no_career_issue,short term course,python,hybrid,weekend,2020-09-08,anupama,2,35000,2015,not joined,not impressed,2020,9
54,hidden,manjeri,hidden,hidden,social media,ug,mechanical,backpapers,job oriented course,mern,offline,weekend,2020-10-21,anupama,1,60000,2020,not joined,call not picking,2020,10
55,hidden,nadakkavu,hidden,hidden,reference,ug,mechanical,no_career_issue,others,mern,offline,morning,2020-06-24,anupama,4,60000,2015,not joined,not okay,2020,6
56,hidden,kottayam,hidden,hidden,reference,ug,other,no_career_issue,others,mern,hybrid,afternoon,2020-02-23,baiju,2,60000,2020,not joined,not interested,2020,2
57,hidden,kozhikode,hidden,hidden,social media,pg,commerce,no_career_issue,job oriented course,flutter,offline,evening,2020-06-19,deepak,3,60000,2015,not joined,call not picking,2020,6
58,hidden,chaliyam,hidden,hidden,google,ug,civil,no_career_issue,it internship,data science,online,evening,2020-04-27,deepak,2,60000,2020,joined,not impressed,2020,4
59,hidden,kozhikode,hidden,hidden,social media,ug,mechanical,no_career_issue,it internship,python,offline,morning,2020-05-05,anupama,1,60000,2019,not joined,not interested,2020,5
60,hidden,pantheerankavu,hidden,hidden,social media,diploma,other,non it background,it internship,mern,offline,weekend,2020-11-03,sandra,1,60000,2017,not joined,high fee,2020,11
61,hidden,kozhikode,hidden,hidden,social media,ug,civil,no_career_issue,it internship,python,hybrid,morning,2020-04-18,anupama,1,35000,2017,not joined,high fee,2020,4
62,hidden,chaliyam,hidden,hidden,social media,ug,other,non it background,others,python,offline,weekend,2020-03-04,faisal,2,60000,2015,not joined,not impressed,2020,3
63,hidden,kunnamangalam,hidden,hidden,reference,ug,mechanical,no_career_issue,work experience,python,offline,evening,2020-12-26,baiju,3,60000,2017,joined,not impressed,2020,12
64,hidden,manjeri,hidden,hidden,social media,ug,other,no_career_issue,it internship,python,offline,morning,2020-09-07,lekha,3,60000,2017,not joined,joined other institude,2020,9
65,hidden,kozhikode,hidden,hidden,reference,ug,commerce,career gap,it internship,python,hybrid,evening,2020-06-09,monish,1,60000,2017,not joined,not impressed,2020,6
66,hidden,nilambur,hidden,hidden,social media,ug,other,no_career_issue,work experience,data science,hybrid,afternoon,2020-12-17,monish,3,60000,2015,joined,not impressed,2020,12
67,hidden,ernakulam,hidden,hidden,social media,ug,mechanical,career gap,it internship,python,offline,weekend,2020-07-27,baiju,2,35000,2016,not joined,suspected,2020,7
68,hidden,palakkad,hidden,hidden,social media,pg,computer science,career gap,work experience,data science,offline,weekend,2020-06-20,anupama,1,60000,2015,not joined,not interested,2020,6
69,hidden,farook,hidden,hidden,social media,pg,mechanical,no_career_issue,job oriented course,others,offline,morning,2020-05-18,baiju,5,12500,2020,not joined,not interested,2020,5
70,hidden,kondotty,hidden,hidden,google,ug,computer science,non it background,it internship,mern,offline,evening,2020-02-21,baiju,2,60000,2020,joined,not impressed,2020,2
71,hidden,kozhikode,hidden,hidden,social media,sslc,computer science,no_career_issue,it internship,data science,offline,weekend,2020-09-05,sandra,1,60000,2020,not joined,suspected,2020,9
72,hidden,ernakulam,hidden,hidden,social media,pg,other,career gap,others,python,offline,morning,2020-12-07,baiju,5,60000,2019,not joined,not impressed,2020,12
73,hidden,tanur,hidden,hidden,social media,ug,mechanical,career gap,job oriented course,data science,offline,evening,2020-04-09,baiju,1,60000,2015,not joined,not interested,2020,4
74,hidden,chevayur,hidden,hidden,social media,ug,commerce,no_career_issue,short term course,python,offline,weekend,2020-02-09,sandra,1,35000,2020,not joined,suspected,2020,2
75,hidden,ponnani,hidden,hidden,social media,ug,civil,backpapers,others,mern,offline,evening,2020-06-06,baiju,2,60000,2019,not joined,call not picking,2020,6
76,hidden,nadakkavu,hidden,hidden,social media,ug,civil,non it background,it internship,ai,offline,afternoon,2020-10-08,baiju,4,60000,2015,not joined,suspected,2020,10
77,hidden,westhill,hidden,hidden,social media,ug,mechanical,non it background,others,python,offline,morning,2020-01-11,baiju,2,12500,2016,not joined,not interested,2020,1
78,hidden,kozhikode,hidden,hidden,reference,ug,mechanical,no_career_issue,short term course,python,online,evening,2020-10-16,baiju,3,60000,2018,joined,not impressed,2020,10
79,hidden,kovoor,hidden,hidden,social media,ug,commerce,backpapers,others,mern,online,afternoon,2020-09-22,baiju,1,60000,2017,not joined,suspected,2020,9
80,hidden,malappuram,hidden,hidden,social media,ug,computer science,no_career_issue,others,data science,offline,morning,2020-06-14,monish,2,35000,2015,not joined,high fee,2020,6
81,hidden,tanur,hidden,hidden,others,sslc,commerce,no_career_issue,work experience,mern,offline,evening,2020-06-21,sandra,1,60000,2015,joined,not impressed,2020,6
82,hidden,malappuram,hidden,hidden,google,ug,computer science,backpapers,others,python,offline,afternoon,2020-05-15,baiju,3,35000,2018,not joined,joined other institude,2020,5
83,hidden,kozhikode,hidden,hidden,google,diploma,electronics,no_career_issue,it internship,python,online,morning,2020-10-25,rifna,1,60000,2015,not joined,not impressed,2020,10
84,hidden,ponnani,hidden,hidden,reference,pg,computer science,backpapers,it internship,python,offline,morning,2020-05-14,baiju,6,60000,2020,joined,not impressed,2020,5
85,hidden,ramanattukara,hidden,hidden,social media,ug,computer science,no_career_issue,others,python,hybrid,morning,2020-08-10,baiju,6,35000,2016,not joined,joined other institude,2020,8
86,hidden,kozhikode,hidden,hidden,google,pg,other,career gap,it internship,python,offline,evening,2020-01-12,faisal,2,60000,2020,not joined,not okay,2020,1
87,hidden,beypore,hidden,hidden,google,others,commerce,no_career_issue,short term course,data science,offline,morning,2020-02-20,baiju,1,60000,2016,not joined,suspected,2020,2
88,hidden,koyilandy,hidden,hidden,social media,ug,electronics,career gap,job oriented course,data science,offline,afternoon,2020-05-08,sivaprasad,1,60000,2019,not joined,not impressed,2020,5
89,hidden,malappuram,hidden,hidden,others,plus 2,civil,non it background,others,mern,offline,morning,2020-04-07,baiju,4,60000,2018,not joined,joined other institude,2020,4
90,hidden,manjeri,hidden,hidden,reference,pg,commerce,career gap,others,python,online,afternoon,2020-06-02,sandra,1,60000,2020,not joined,not okay,2020,6
91,hidden,westhill,hidden,hidden,others,ug,other,no_career_issue,others,mern,offline,morning,2020-05-02,rifna,1,35000,2015,not joined,not interested,2020,5
92,hidden,ramanattukara,hidden,hidden,social media,sslc,commerce,backpapers,job oriented course,mern,online,morning,2020-08-01,baiju,2,60000,2015,not joined,high fee,2020,8
93,hidden,chevayur,hidden,hidden,google,others,electronics,no_career_issue,short term course,mern,offline,morning,2020-01-05,baiju,1,60000,2016,joined,not impressed,2020,1
94,hidden,westhill,hidden,hidden,social media,ug,commerce,no_career_issue,job oriented course,mern,offline,afternoon,2020-03-06,baiju,1,60000,2019,joined,not impressed,2020,3
95,hidden,farook,hidden,hidden,social media,ug,other,no_career_issue,job oriented course,python,online,morning,2020-06-15,baiju,2,60000,2019,not joined,not okay,2020,6
96,hidden,ernakulam,hidden,hidden,social media,ug,mechanical,career gap,it internship,python,hybrid,afternoon,2020-08-23,monish,1,60000,2020,joined,not impressed,2020,8
97,hidden,chevayur,hidden,hidden,social media,diploma,computer science,backpapers,it internship,flutter,online,afternoon,2020-08-26,sandra,4,60000,2020,not joined,not interested,2020,8
98,hidden,koyilandy,hidden,hidden,social media,pg,computer science,no_career_issue,it internship,mern,online,afternoon,2020-10-18,anupama,1,60000,2015,not joined,call not picking,2020,10
99,hidden,kozhikode,hidden,hidden,google,pg,mechanical,non it background,it internship,mern,hybrid,afternoon,2020-06-06,sivaprasad,1,35000,2018,not joined,not impressed,2020,6
100,hidden,kondotty,hidden,hidden,social media,ug,other,non it background,work experience,mern,hybrid,morning,2020-07-12,faisal,1,60000,2018,not joined,suspected,2020,7
101,hidden,chevayur,hidden,hidden,social media,ug,civil,no_career_issue,work experience,ai,offline,afternoon,2020-04-13,baiju,2,35000,2019,not joined,not interested,2020,4
102,hidden,palazhi,hidden,hidden,social media,ug,computer science,career gap,job oriented course,ai,offline,morning,2020-06-07,lekha,1,60000,2017,not joined,not impressed,2020,6
103,hidden,manjeri,hidden,hidden,reference,pg,mechanical,no_career_issue,job oriented course,ai,offline,morning,2020-10-22,sandra,1,60000,2018,not joined,not okay,2020,10
104,hidden,kozhikode,hidden,hidden,social media,ug,computer science,non it background,job oriented course,mern,offline,morning,2020-02-04,baiju,1,35000,2017,not joined,joined other institude,2020,2
105,hidden,chaliyam,hidden,hidden,social media,ug,civil,career gap,job oriented course,mern,online,afternoon,2020-07-25,deepak,1,12500,2016,not joined,high fee,2020,7
106,hidden,nadakkavu,hidden,hidden,google,ug,computer science,no_career_issue,work experience,mern,online,morning,2020-04-14,lekha,2,12500,2019,not joined,high fee,2020,4
107,hidden,chevayur,hidden,hidden,social media,pg,electronics,career gap,it internship,others,offline,morning,2020-08-12,anupama,1,60000,2019,not joined,not okay,2020,8
108,hidden,kozhikode,hidden,hidden,social media,plus 2,computer science,no_career_issue,short term course,mern,offline,morning,2020-03-10,deepak,1,60000,2018,not joined,call not picking,2020,3
109,hidden,nadakkavu,hidden,hidden,reference,pg,civil,non it background,short term course,data science,offline,morning,2020-06-06,baiju,1,12500,2017,not joined,call not picking,2020,6
110,hidden,nadakkavu,hidden,hidden,social media,pg,other,backpapers,work experience,data science,offline,morning,2020-05-20,sivaprasad,1,60000,2019,not joined,suspected,2020,5
111,hidden,thrissur,hidden,hidden,reference,ug,computer science,no_career_issue,work experience,python,online,morning,2020-07-14,deepak,2,60000,2015,not joined,not impressed,2020,7
112,hidden,kozhikode,hidden,hidden,others,pg,electronics,career gap,it internship,java,online,morning,2020-12-14,sivaprasad,2,35000,2019,not joined,not interested,2020,12
113,hidden,nilambur,hidden,hidden,others,ug,other,no_career_issue,work experience,data science,online,morning,2020-03-13,baiju,3,60000,2016,not joined,high fee,2020,3
114,hidden,nadakkavu,hidden,hidden,social media,ug,civil,no_career_issue,work experience,python,online,afternoon,2020-01-24,rifna,1,35000,2018,not joined,not interested,2020,1
115,hidden,kottayam,hidden,hidden,social media,ug,other,career gap,work experience,mern,offline,evening,2020-08-06,sandra,3,60000,2020,joined,not impressed,2020,8
116,hidden,kozhikode,hidden,hidden,social media,others,mechanical,no_career_issue,others,python,offline,morning,2020-03-21,deepak,3,60000,2018,not joined,call not picking,2020,3
117,hidden,palakkad,hidden,hidden,social media,ug,electronics,backpapers,short term course,data science,hybrid,afternoon,2020-07-21,lekha,1,60000,2016,joined,not impressed,2020,7
118,hidden,medical college,hidden,hidden,social media,pg,civil,no_career_issue,job oriented course,python,hybrid,morning,2020-12-17,rifna,2,60000,2015,not joined,not okay,2020,12
119,hidden,kozhikode,hidden,hidden,reference,ug,civil,no_career_issue,it internship,data science,online,evening,2020-06-13,baiju,1,60000,2016,not joined,not okay,2020,6
120,hidden,nilambur,hidden,hidden,reference,ug,mechanical,no_career_issue,job oriented course,python,offline,morning,2020-05-15,baiju,3,60000,2016,not joined,not okay,2020,5
121,hidden,ramanattukara,hidden,hidden,google,ug,other,backpapers,job oriented course,java,offline,morning,2020-03-04,rifna,2,60000,2018,joined,not impressed,2020,3
122,hidden,nilambur,hidden,hidden,social media,ug,commerce,career gap,job oriented course,data science,hybrid,morning,2020-01-17,baiju,1,60000,2020,joined,not impressed,2020,1
123,hidden,trivandrum,hidden,hidden,others,pg,computer science,career gap,others,java,offline,evening,2020-12-26,sandra,3,60000,2018,joined,not impressed,2020,12
124,hidden,ernakulam,hidden,hidden,social media,ug,mechanical,no_career_issue,others,data science,hybrid,morning,2020-05-22,sivaprasad,3,60000,2019,joined,not impressed,2020,5
125,hidden,chaliyam,hidden,hidden,social media,ug,civil,no_career_issue,short term course,data science,online,morning,2020-09-01,sivaprasad,1,35000,2019,not joined,suspected,2020,9
126,hidden,medical college,hidden,hidden,social media,plus 2,other,career gap,work experience,data science,offline,afternoon,2020-02-10,anupama,3,60000,2018,not joined,call not picking,2020,2
127,hidden,chevayur,hidden,hidden,social media,ug,other,backpapers,others,python,offline,afternoon,2020-09-21,sandra,1,60000,2016,joined,not impressed,2020,9
128,hidden,westhill,hidden,hidden,social media,ug,electronics,non it background,short term course,mern,hybrid,afternoon,2020-06-08,monish,1,35000,2018,not joined,not interested,2020,6
129,hidden,manjeri,hidden,hidden,social media,ug,other,no_career_issue,others,data science,offline,morning,2020-06-18,lekha,2,60000,2019,joined,not impressed,2020,6
130,hidden,westhill,hidden,hidden,social media,ug,electronics,non it background,work experience,data science,offline,morning,2020-05-23,rifna,2,60000,2017,joined,not impressed,2020,5
131,hidden,tirur,hidden,hidden,social media,ug,electronics,no_career_issue,job oriented course,python,online,afternoon,2020-12-11,anupama,2,60000,2017,not joined,not impressed,2020,12
132,hidden,koyilandy,hidden,hidden,others,ug,computer science,no_career_issue,others,data science,online,morning,2020-11-26,faisal,4,60000,2015,joined,not impressed,2020,11
133,hidden,manjeri,hidden,hidden,social media,plus 2,computer science,no_career_issue,short term course,python,offline,morning,2020-01-14,baiju,3,60000,2016,joined,not impressed,2020,1
134,hidden,palakkad,hidden,hidden,social media,ug,electronics,no_career_issue,short term course,data science,offline,morning,2020-09-10,baiju,3,12500,2016,not joined,suspected,2020,9
135,hidden,chevayur,hidden,hidden,others,others,other,non it background,job oriented course,web designing,offline,evening,2020-07-07,baiju,1,35000,2019,not joined,not interested,2020,7
136,hidden,kannur,hidden,hidden,social media,ug,other,career gap,it internship,testing,offline,morning,2020-02-18,anupama,3,60000,2016,not joined,high fee,2020,2
137,hidden,westhill,hidden,hidden,social media,pg,mechanical,no_career_issue,work experience,data science,offline,morning,2020-11-10,sivaprasad,3,60000,2017,not joined,not okay,2020,11
138,hidden,westhill,hidden,hidden,social media,plus 2,other,no_career_issue,others,data science,offline,morning,2020-05-21,deepak,2,60000,2015,not joined,not okay,2020,5
139,hidden,tanur,hidden,hidden,google,ug,other,no_career_issue,it internship,mern,offline,morning,2020-02-03,baiju,1,12500,2018,not joined,not interested,2020,2
140,hidden,thrissur,hidden,hidden,social media,ug,mechanical,no_career_issue,short term course,data science,offline,afternoon,2020-04-08,baiju,4,12500,2020,not joined,call not picking,2020,4
141,hidden,vadakara,hidden,hidden,reference,ug,electronics,non it background,work experience,flutter,hybrid,afternoon,2020-01-08,deepak,1,60000,2019,not joined,high fee,2020,1
142,hidden,ernakulam,hidden,hidden,reference,ug,civil,career gap,it internship,python,hybrid,morning,2020-03-06,baiju,6,35000,2015,not joined,not interested,2020,3
143,hidden,ernakulam,hidden,hidden,social media,pg,computer science,no_career_issue,job oriented course,java,hybrid,afternoon,2020-02-12,baiju,1,12500,2015,not joined,not impressed,2020,2
144,hidden,malappuram,hidden,hidden,reference,pg,other,non it background,short term course,mern,offline,afternoon,2020-12-19,baiju,2,35000,2018,not joined,not okay,2020,12
145,hidden,palakkad,hidden,hidden,social media,pg,electronics,backpapers,others,python,offline,afternoon,2020-11-01,deepak,4,60000,2015,joined,not impressed,2020,11
146,hidden,medical college,hidden,hidden,others,ug,commerce,no_career_issue,short term course,mern,offline,morning,2020-08-18,lekha,2,12500,2020,not joined,joined other institude,2020,8
147,hidden,nadakkavu,hidden,hidden,social media,plus 2,computer science,non it background,others,web designing,online,morning,2020-03-25,lekha,1,60000,2020,not joined,high fee,2020,3
148,hidden,nadakkavu,hidden,hidden,social media,ug,computer science,non it background,others,python,offline,evening,2020-02-17,baiju,4,60000,2016,joined,not impressed,2020,2
149,hidden,ernakulam,hidden,hidden,google,ug,other,non it background,short term course,data science,offline,weekend,2020-07-09,anupama,1,60000,2017,not joined,not interested,2020,7
150,hidden,palazhi,hidden,hidden,others,pg,computer science,no_career_issue,short term course,ai,offline,morning,2020-02-09,baiju,1,60000,2020,joined,not impressed,2020,2
151,hidden,thrissur,hidden,hidden,google,pg,electronics,no_career_issue,short term course,mern,online,morning,2020-07-20,rifna,2,60000,2020,not joined,high fee,2020,7
152,hidden,manjeri,hidden,hidden,social media,ug,mechanical,no_career_issue,others,mern,online,morning,2020-01-12,baiju,2,60000,2019,not joined,high fee,2020,1
153,hidden,kozhikode,hidden,hidden,social media,ug,civil,no_career_issue,job oriented course,python,hybrid,morning,2020-01-08,baiju,2,12500,2017,not joined,suspected,2020,1
154,hidden,palazhi,hidden,hidden,social media,ug,other,no_career_issue,short term course,data science,hybrid,afternoon,2020-11-13,baiju,2,35000,2016,not joined,not okay,2020,11
155,hidden,wayanad,hidden,hidden,social media,ug,computer science,career gap,job oriented course,python,online,evening,2020-09-25,monish,1,60000,2018,not joined,call not picking,2020,9
156,hidden,tirur,hidden,hidden,social media,pg,mechanical,no_career_issue,work experience,data science,offline,morning,2020-02-15,baiju,1,60000,2017,joined,not impressed,2020,2
157,hidden,farook,hidden,hidden,others,sslc,mechanical,no_career_issue,short term course,python,offline,afternoon,2020-03-02,baiju,1,60000,2015,not joined,not okay,2020,3
158,hidden,kovoor,hidden,hidden,social media,pg,computer science,no_career_issue,job oriented course,data science,offline,morning,2020-02-21,sivaprasad,2,60000,2017,not joined,joined other institude,2020,2
159,hidden,farook,hidden,hidden,google,ug,electronics,no_career_issue,it internship,mern,offline,morning,2020-01-01,rifna,2,35000,2017,not joined,high fee,2020,1
160,hidden,farook,hidden,hidden,others,ug,other,no_career_issue,short term course,python,offline,morning,2020-02-05,deepak,2,12500,2016,not joined,suspected,2020,2
161,hidden,westhill,hidden,hidden,social media,plus 2,civil,no_career_issue,others,java,offline,morning,2020-12-27,sivaprasad,1,60000,2016,joined,not impressed,2020,12
162,hidden,manjeri,hidden,hidden,social media,ug,other,career gap,others,mern,offline,morning,2020-12-13,baiju,3,35000,2016,not joined,not impressed,2020,12
163,hidden,palazhi,hidden,hidden,social media,pg,electronics,no_career_issue,short term course,data science,offline,morning,2020-01-14,lekha,1,60000,2019,joined,not impressed,2020,1
164,hidden,chevayur,hidden,hidden,reference,ug,civil,no_career_issue,others,mern,offline,morning,2020-11-08,deepak,4,60000,2019,not joined,not okay,2020,11
165,hidden,beypore,hidden,hidden,social media,pg,computer science,backpapers,short term course,web designing,hybrid,afternoon,2020-03-11,baiju,3,60000,2016,not joined,not interested,2020,3
166,hidden,kottayam,hidden,hidden,google,ug,commerce,career gap,work experience,flutter,offline,morning,2020-04-24,rifna,2,60000,2017,not joined,not okay,2020,4
167,hidden,medical college,hidden,hidden,social media,ug,other,no_career_issue,others,mern,online,weekend,2020-11-17,baiju,2,60000,2019,joined,not impressed,2020,11
168,hidden,kozhikode,hidden,hidden,social media,ug,mechanical,no_career_issue,work experience,python,offline,morning,2020-11-10,deepak,2,60000,2015,joined,not impressed,2020,11
169,hidden,tirur,hidden,hidden,others,plus 2,civil,no_career_issue,others,java,hybrid,weekend,2020-01-03,monish,1,60000,2015,joined,not impressed,2020,1
170,hidden,kunnamangalam,hidden,hidden,social media,ug,commerce,career gap,others,ai,offline,morning,2020-04-04,anupama,1,12500,2016,not joined,joined other institude,2020,4
171,hidden,kozhikode,hidden,hidden,social media,ug,electronics,backpapers,work experience,java,hybrid,morning,2020-06-02,faisal,1,60000,2015,not joined,call not picking,2020,6
172,hidden,westhill,hidden,hidden,social media,plus 2,computer science,non it background,job oriented course,data science,online,morning,2020-12-21,monish,1,60000,2018,not joined,not impressed,2020,12
173,hidden,kozhikode,hidden,hidden,reference,ug,other,backpapers,job oriented course,data science,offline,morning,2020-07-04,baiju,1,60000,2016,not joined,high fee,2020,7
174,hidden,malappuram,hidden,hidden,social media,pg,civil,backpapers,it internship,mern,offline,evening,2020-02-18,baiju,3,60000,2019,not joined,suspected,2020,2
175,hidden,palazhi,hidden,hidden,social media,ug,civil,no_career_issue,work experience,java,online,morning,2020-05-12,baiju,4,12500,2018,not joined,suspected,2020,5
176,hidden,kozhikode,hidden,hidden,reference,pg,mechanical,no_career_issue,short term course,flutter,offline,morning,2020-08-09,rifna,3,12500,2015,not joined,not impressed,2020,8
177,hidden,westhill,hidden,hidden,reference,ug,other,no_career_issue,others,java,offline,morning,2020-10-02,faisal,1,60000,2020,not joined,not interested,2020,10
178,hidden,westhill,hidden,hidden,others,ug,commerce,career gap,it internship,python,offline,morning,2020-08-22,lekha,1,60000,2019,joined,not impressed,2020,8
179,hidden,kozhikode,hidden,hidden,social media,ug,other,career gap,short term course,python,offline,morning,2020-11-17,anupama,2,35000,2018,not joined,not okay,2020,11
180,hidden,kozhikode,hidden,hidden,social media,others,other,no_career_issue,others,python,offline,morning,2021-03-12,sandra,2,60000,2019,joined,not impressed,2021,3
181,hidden,nadakkavu,hidden,hidden,google,sslc,commerce,no_career_issue,work experience,java,online,morning,2021-07-16,baiju,1,60000,2020,not joined,call not picking,2021,7
182,hidden,tirur,hidden,hidden,social media,ug,mechanical,no_career_issue,others,mern,online,afternoon,2021-07-13,anupama,3,35000,2017,not joined,not interested,2021,7
183,hidden,ramanattukara,hidden,hidden,google,ug,civil,career gap,short term course,mern,online,morning,2021-12-25,baiju,4,35000,2019,not joined,call not picking,2021,12
184,hidden,kovoor,hidden,hidden,social media,ug,computer science,no_career_issue,it internship,web designing,offline,morning,2021-09-18,sivaprasad,2,12500,2021,not joined,high fee,2021,9
185,hidden,westhill,hidden,hidden,social media,ug,other,no_career_issue,short term course,flutter,online,morning,2021-06-10,deepak,2,35000,2019,not joined,high fee,2021,6
186,hidden,kunnamangalam,hidden,hidden,social media,ug,electronics,no_career_issue,it internship,ai,offline,morning,2021-07-16,baiju,1,60000,2019,joined,not impressed,2021,7
187,hidden,kovoor,hidden,hidden,social media,pg,mechanical,non it background,others,flutter,online,morning,2021-12-02,baiju,2,60000,2019,not joined,joined other institude,2021,12
188,hidden,palakkad,hidden,hidden,reference,ug,electronics,no_career_issue,work experience,python,hybrid,morning,2021-06-09,sivaprasad,3,35000,2018,not joined,call not picking,2021,6
189,hidden,kozhikode,hidden,hidden,social media,ug,commerce,no_career_issue,it internship,python,online,morning,2021-12-13,baiju,3,60000,2016,not joined,not okay,2021,12
190,hidden,ernakulam,hidden,hidden,social media,ug,mechanical,career gap,job oriented course,ai,hybrid,morning,2021-05-18,baiju,3,60000,2020,not joined,joined other institude,2021,5
191,hidden,nadakkavu,hidden,hidden,social media,ug,commerce,career gap,others,mern,online,morning,2021-03-24,baiju,4,60000,2020,not joined,not impressed,2021,3
192,hidden,chaliyam,hidden,hidden,social media,ug,computer science,no_career_issue,short term course,data science,offline,morning,2021-10-20,faisal,2,12500,2018,not joined,not okay,2021,10
193,hidden,chevayur,hidden,hidden,others,ug,computer science,career gap,short term course,mern,offline,morning,2021-08-24,sandra,1,60000,2021,not joined,high fee,2021,8
194,hidden,westhill,hidden,hidden,social media,ug,commerce,no_career_issue,short term course,web designing,offline,afternoon,2021-12-07,sandra,3,60000,2017,joined,not impressed,2021,12
195,hidden,nadakkavu,hidden,hidden,social media,ug,commerce,no_career_issue,short term course,testing,online,morning,2021-05-25,rifna,2,12500,2017,not joined,joined other institude,2021,5
196,hidden,nadakkavu,hidden,hidden,google,ug,computer science,career gap,short term course,data science,offline,afternoon,2021-04-09,sandra,2,60000,2018,joined,not impressed,2021,4
197,hidden,kozhikode,hidden,hidden,social media,ug,other,backpapers,job oriented course,data science,hybrid,morning,2021-12-24,lekha,1,35000,2021,not joined,not interested,2021,12
198,hidden,kannur,hidden,hidden,google,pg,computer science,no_career_issue,job oriented course,python,online,evening,2021-11-17,baiju,1,60000,2021,not joined,joined other institude,2021,11
199,hidden,westhill,hidden,hidden,reference,pg,computer science,career gap,work experience,mern,offline,morning,2021-11-23,baiju,5,60000,2018,not joined,not interested,2021,11
200,hidden,kozhikode,hidden,hidden,social media,ug,other,career gap,others,python,offline,weekend,2021-11-25,lekha,6,60000,2019,not joined,not interested,2021,11
201,hidden,nadakkavu,hidden,hidden,social media,diploma,computer science,no_career_issue,short term course,mern,offline,evening,2021-01-21,baiju,1,60000,2018,joined,not impressed,2021,1
202,hidden,chevayur,hidden,hidden,social media,others,other,non it background,others,python,offline,morning,2021-02-15,baiju,6,12500,2020,not joined,joined other institude,2021,2
203,hidden,ernakulam,hidden,hidden,google,ug,electronics,no_career_issue,work experience,mern,offline,afternoon,2021-12-05,sivaprasad,2,60000,2017,joined,not impressed,2021,12
204,hidden,kozhikode,hidden,hidden,google,ug,other,no_career_issue,it internship,python,offline,afternoon,2021-08-22,rifna,1,12500,2018,not joined,high fee,2021,8
205,hidden,palazhi,hidden,hidden,google,ug,commerce,career gap,others,python,offline,morning,2021-08-01,rifna,1,60000,2020,not joined,suspected,2021,8
206,hidden,kozhikode,hidden,hidden,google,ug,computer science,career gap,work experience,web designing,offline,evening,2021-07-25,baiju,2,60000,2016,not joined,joined other institude,2021,7
207,hidden,vadakara,hidden,hidden,social media,pg,electronics,no_career_issue,it internship,mern,offline,morning,2021-06-03,anupama,2,60000,2017,joined,not impressed,2021,6
208,hidden,trivandrum,hidden,hidden,social media,ug,computer science,no_career_issue,others,python,hybrid,morning,2021-02-17,baiju,1,60000,2017,not joined,high fee,2021,2
209,hidden,chevayur,hidden,hidden,social media,ug,other,no_career_issue,it internship,python,offline,morning,2021-11-06,sandra,1,35000,2018,not joined,call not picking,2021,11
210,hidden,vadakara,hidden,hidden,reference,others,civil,no_career_issue,job oriented course,python,online,morning,2021-11-01,baiju,2,60000,2019,not joined,joined other institude,2021,11
211,hidden,manjeri,hidden,hidden,social media,ug,civil,no_career_issue,short term course,python,offline,evening,2021-04-11,baiju,1,60000,2020,not joined,not impressed,2021,4
212,hidden,tirur,hidden,hidden,reference,pg,commerce,no_career_issue,others,python,hybrid,morning,2021-04-21,anupama,1,60000,2020,joined,not impressed,2021,4
213,hidden,trivandrum,hidden,hidden,social media,pg,civil,no_career_issue,job oriented course,mern,offline,morning,2021-11-25,baiju,4,12500,2020,not joined,suspected,2021,11
214,hidden,palazhi,hidden,hidden,others,pg,commerce,no_career_issue,it internship,python,online,morning,2021-06-05,monish,1,12500,2016,not joined,not okay,2021,6
215,hidden,thrissur,hidden,hidden,social media,ug,other,no_career_issue,work experience,data science,hybrid,morning,2021-09-06,rifna,2,60000,2017,joined,not impressed,2021,9
216,hidden,westhill,hidden,hidden,social media,ug,other,no_career_issue,short term course,data science,offline,morning,2021-07-14,sandra,4,60000,2017,not joined,call not picking,2021,7
217,hidden,koyilandy,hidden,hidden,google,ug,civil,career gap,others,python,offline,morning,2021-05-13,monish,1,60000,2020,joined,not impressed,2021,5
218,hidden,chaliyam,hidden,hidden,social media,ug,computer science,backpapers,work experience,mern,offline,afternoon,2021-08-26,monish,1,12500,2019,not joined,call not picking,2021,8
219,hidden,koyilandy,hidden,hidden,social media,ug,other,non it background,others,python,hybrid,weekend,2021-11-25,sivaprasad,1,35000,2017,not joined,suspected,2021,11
220,hidden,koyilandy,hidden,hidden,social media,ug,electronics,non it background,short term course,data science,offline,morning,2021-04-08,lekha,1,60000,2018,not joined,joined other institude,2021,4
221,hidden,kannur,hidden,hidden,google,pg,electronics,no_career_issue,short term course,python,offline,weekend,2021-04-22,baiju,3,60000,2016,not joined,not interested,2021,4
222,hidden,beypore,hidden,hidden,social media,others,mechanical,career gap,others,mern,online,evening,2021-02-24,baiju,1,60000,2018,not joined,not okay,2021,2
223,hidden,tirur,hidden,hidden,social media,plus 2,commerce,no_career_issue,job oriented course,flutter,offline,afternoon,2021-05-06,baiju,2,60000,2021,not joined,suspected,2021,5
224,hidden,kottayam,hidden,hidden,social media,ug,computer science,career gap,job oriented course,mern,hybrid,afternoon,2021-07-02,lekha,1,60000,2021,joined,not impressed,2021,7
225,hidden,wayanad,hidden,hidden,social media,ug,electronics,no_career_issue,others,data science,hybrid,morning,2021-07-03,sandra,3,60000,2021,not joined,not interested,2021,7
226,hidden,kottayam,hidden,hidden,social media,ug,other,no_career_issue,work experience,java,online,weekend,2021-09-01,sandra,1,35000,2020,not joined,not okay,2021,9
227,hidden,tirur,hidden,hidden,others,pg,other,no_career_issue,short term course,ai,hybrid,evening,2021-11-02,monish,1,60000,2020,not joined,not impressed,2021,11
228,hidden,palakkad,hidden,hidden,social media,ug,electronics,career gap,work experience,python,offline,weekend,2021-01-27,monish,1,60000,2018,joined,not impressed,2021,1
229,hidden,koyilandy,hidden,hidden,google,ug,civil,career gap,work experience,mern,online,morning,2021-12-05,baiju,2,60000,2018,joined,not impressed,2021,12
230,hidden,wayanad,hidden,hidden,social media,ug,mechanical,career gap,it internship,mern,hybrid,afternoon,2021-05-05,deepak,3,35000,2021,not joined,joined other institude,2021,5
231,hidden,chaliyam,hidden,hidden,reference,pg,computer science,no_career_issue,work experience,data science,hybrid,morning,2021-12-12,baiju,1,60000,2017,joined,not impressed,2021,12
232,hidden,kozhikode,hidden,hidden,reference,ug,commerce,career gap,short term course,mern,online,weekend,2021-11-14,rifna,5,60000,2017,not joined,not impressed,2021,11
233,hidden,pantheerankavu,hidden,hidden,google,ug,other,non it background,others,mern,offline,afternoon,2021-07-22,faisal,4,60000,2020,not joined,suspected,2021,7
234,hidden,thrissur,hidden,hidden,others,ug,commerce,no_career_issue,job oriented course,data science,online,afternoon,2021-04-21,deepak,3,12500,2019,not joined,not okay,2021,4
235,hidden,palakkad,hidden,hidden,social media,ug,commerce,non it background,short term course,python,offline,morning,2021-05-17,deepak,1,60000,2019,not joined,suspected,2021,5
236,hidden,kottayam,hidden,hidden,social media,others,other,career gap,others,python,offline,morning,2021-03-08,baiju,2,12500,2020,not joined,joined other institude,2021,3
237,hidden,koyilandy,hidden,hidden,social media,ug,mechanical,non it background,work experience,data science,hybrid,morning,2021-03-06,anupama,2,12500,2018,not joined,not interested,2021,3
238,hidden,kottayam,hidden,hidden,social media,ug,mechanical,no_career_issue,job oriented course,mern,online,afternoon,2021-06-17,monish,3,60000,2020,not joined,call not picking,2021,6
239,hidden,westhill,hidden,hidden,social media,plus 2,electronics,no_career_issue,work experience,data science,offline,evening,2021-12-26,baiju,2,60000,2021,not joined,not impressed,2021,12
240,hidden,beypore,hidden,hidden,google,ug,other,no_career_issue,it internship,data science,offline,morning,2021-10-06,lekha,1,60000,2018,not joined,not impressed,2021,10
241,hidden,ponnani,hidden,hidden,google,ug,other,no_career_issue,job oriented course,mern,offline,afternoon,2021-12-06,lekha,3,12500,2016,not joined,not okay,2021,12
242,hidden,farook,hidden,hidden,google,plus 2,civil,backpapers,job oriented course,python,offline,morning,2021-04-26,baiju,2,60000,2020,joined,not impressed,2021,4
243,hidden,nilambur,hidden,hidden,social media,diploma,commerce,no_career_issue,work experience,data science,offline,evening,2021-06-18,monish,2,60000,2021,joined,not impressed,2021,6
244,hidden,nilambur,hidden,hidden,social media,pg,mechanical,no_career_issue,others,java,offline,afternoon,2021-07-07,baiju,2,60000,2019,not joined,not okay,2021,7
245,hidden,palakkad,hidden,hidden,social media,sslc,electronics,no_career_issue,job oriented course,python,offline,morning,2021-07-01,sandra,4,60000,2018,joined,not impressed,2021,7
246,hidden,westhill,hidden,hidden,social media,ug,computer science,no_career_issue,job oriented course,data science,offline,weekend,2021-05-08,baiju,1,60000,2020,joined,not impressed,2021,5
247,hidden,ramanattukara,hidden,hidden,social media,ug,computer science,no_career_issue,job oriented course,data science,hybrid,morning,2021-06-08,rifna,2,35000,2017,not joined,high fee,2021,6
248,hidden,chevayur,hidden,hidden,social media,ug,civil,no_career_issue,it internship,data science,online,morning,2021-12-04,baiju,1,12500,2018,not joined,not interested,2021,12
249,hidden,farook,hidden,hidden,social media,pg,mechanical,backpapers,short term course,python,offline,evening,2021-05-08,baiju,1,60000,2017,not joined,suspected,2021,5
250,hidden,tanur,hidden,hidden,google,ug,commerce,backpapers,others,python,hybrid,evening,2021-06-10,sivaprasad,4,35000,2017,not joined,not okay,2021,6
251,hidden,nadakkavu,hidden,hidden,social media,ug,other,no_career_issue,work experience,mern,offline,evening,2021-12-23,baiju,2,60000,2021,not joined,not impressed,2021,12
252,hidden,kannur,hidden,hidden,google,ug,mechanical,career gap,it internship,python,offline,morning,2021-05-20,anupama,1,60000,2018,not joined,joined other institude,2021,5
253,hidden,trivandrum,hidden,hidden,others,ug,civil,no_career_issue,others,python,offline,morning,2021-12-08,baiju,2,60000,2019,not joined,suspected,2021,12
254,hidden,koyilandy,hidden,hidden,reference,plus 2,civil,no_career_issue,short term course,testing,offline,morning,2021-07-12,baiju,1,12500,2019,not joined,call not picking,2021,7
255,hidden,ernakulam,hidden,hidden,google,ug,mechanical,no_career_issue,others,data science,offline,weekend,2021-06-08,lekha,1,12500,2021,not joined,joined other institude,2021,6
256,hidden,kondotty,hidden,hidden,others,ug,civil,career gap,others,mern,offline,morning,2021-11-16,deepak,1,60000,2021,joined,not impressed,2021,11
257,hidden,kozhikode,hidden,hidden,social media,ug,other,career gap,job oriented course,web designing,offline,evening,2021-06-02,baiju,1,60000,2018,joined,not impressed,2021,6
258,hidden,kozhikode,hidden,hidden,social media,ug,mechanical,non it background,others,mern,hybrid,morning,2021-01-03,baiju,3,60000,2021,not joined,not impressed,2021,1
259,hidden,beypore,hidden,hidden,social media,ug,electronics,no_career_issue,short term course,mern,online,morning,2021-05-04,baiju,5,60000,2016,joined,not impressed,2021,5
260,hidden,nilambur,hidden,hidden,social media,diploma,computer science,no_career_issue,job oriented course,mern,offline,evening,2021-11-07,baiju,1,60000,2020,not joined,high fee,2021,11
261,hidden,kozhikode,hidden,hidden,reference,ug,mechanical,non it background,job oriented course,mern,offline,afternoon,2021-11-14,baiju,1,35000,2018,not joined,suspected,2021,11
262,hidden,westhill,hidden,hidden,social media,pg,other,no_career_issue,it internship,mern,online,morning,2021-12-04,deepak,1,60000,2021,not joined,call not picking,2021,12
263,hidden,westhill,hidden,hidden,google,ug,electronics,career gap,it internship,python,offline,morning,2021-05-09,sandra,4,12500,2017,not joined,high fee,2021,5
264,hidden,kozhikode,hidden,hidden,social media,ug,commerce,no_career_issue,others,ai,offline,morning,2021-01-14,baiju,1,60000,2016,joined,not impressed,2021,1
265,hidden,kunnamangalam,hidden,hidden,social media,pg,commerce,career gap,it internship,java,offline,morning,2021-01-11,rifna,1,60000,2017,not joined,joined other institude,2021,1
266,hidden,tanur,hidden,hidden,social media,ug,electronics,no_career_issue,work experience,java,offline,morning,2021-09-08,lekha,5,12500,2019,not joined,high fee,2021,9
267,hidden,westhill,hidden,hidden,reference,ug,electronics,non it background,others,mern,offline,afternoon,2021-11-23,baiju,2,60000,2018,not joined,not okay,2021,11
268,hidden,chevayur,hidden,hidden,social media,ug,mechanical,no_career_issue,short term course,data science,offline,evening,2021-03-06,baiju,6,60000,2019,joined,not impressed,2021,3
269,hidden,kozhikode,hidden,hidden,social media,pg,electronics,career gap,it internship,python,offline,morning,2021-12-04,baiju,2,60000,2021,not joined,joined other institude,2021,12
270,hidden,ernakulam,hidden,hidden,social media,sslc,commerce,no_career_issue,work experience,data science,hybrid,morning,2021-12-13,sivaprasad,2,60000,2019,joined,not impressed,2021,12
271,hidden,beypore,hidden,hidden,others,ug,civil,no_career_issue,it internship,python,offline,afternoon,2021-07-24,anupama,1,60000,2018,not joined,not interested,2021,7
272,hidden,ramanattukara,hidden,hidden,social media,pg,electronics,no_career_issue,work experience,web designing,online,evening,2021-08-21,baiju,2,60000,2016,joined,not impressed,2021,8
273,hidden,pantheerankavu,hidden,hidden,social media,ug,computer science,no_career_issue,job oriented course,data science,offline,afternoon,2021-10-02,sandra,1,12500,2020,not joined,high fee,2021,10
274,hidden,kannur,hidden,hidden,social media,ug,mechanical,no_career_issue,it internship,mern,offline,morning,2021-08-27,baiju,1,60000,2019,joined,not impressed,2021,8
275,hidden,westhill,hidden,hidden,social media,pg,other,no_career_issue,short term course,data science,offline,morning,2021-08-04,baiju,2,60000,2021,not joined,joined other institude,2021,8
276,hidden,palakkad,hidden,hidden,social media,plus 2,civil,backpapers,it internship,mern,hybrid,afternoon,2021-05-24,anupama,1,60000,2018,not joined,not impressed,2021,5
277,hidden,kottayam,hidden,hidden,social media,pg,computer science,career gap,others,mern,offline,morning,2021-07-14,lekha,4,60000,2020,not joined,suspected,2021,7
278,hidden,nadakkavu,hidden,hidden,others,ug,commerce,no_career_issue,work experience,python,offline,evening,2021-09-27,faisal,3,60000,2020,not joined,high fee,2021,9
279,hidden,manjeri,hidden,hidden,social media,ug,computer science,no_career_issue,work experience,java,offline,morning,2021-05-02,baiju,1,60000,2018,not joined,call not picking,2021,5
280,hidden,kunnamangalam,hidden,hidden,reference,pg,civil,career gap,it internship,data science,offline,afternoon,2021-06-01,monish,2,60000,2019,not joined,suspected,2021,6
281,hidden,ramanattukara,hidden,hidden,reference,others,electronics,no_career_issue,others,java,offline,morning,2021-09-13,anupama,2,35000,2018,not joined,not impressed,2021,9
282,hidden,palakkad,hidden,hidden,social media,ug,other,no_career_issue,job oriented course,java,offline,morning,2021-02-19,monish,1,35000,2017,not joined,not interested,2021,2
283,hidden,kozhikode,hidden,hidden,others,ug,civil,no_career_issue,short term course,data science,offline,morning,2021-10-27,faisal,1,35000,2016,not joined,not impressed,2021,10
284,hidden,ponnani,hidden,hidden,google,pg,other,no_career_issue,short term course,ai,offline,morning,2021-08-25,anupama,5,35000,2021,not joined,not impressed,2021,8
285,hidden,kozhikode,hidden,hidden,social media,ug,other,no_career_issue,others,flutter,offline,morning,2021-06-14,baiju,2,60000,2021,not joined,not interested,2021,6
286,hidden,nilambur,hidden,hidden,google,pg,computer science,no_career_issue,it internship,data science,offline,morning,2021-06-25,baiju,1,35000,2017,not joined,not interested,2021,6
287,hidden,westhill,hidden,hidden,social media,ug,civil,career gap,others,python,offline,afternoon,2021-04-26,monish,2,12500,2019,not joined,not interested,2021,4
288,hidden,kottayam,hidden,hidden,google,ug,other,non it background,it internship,java,offline,morning,2021-07-27,rifna,3,60000,2020,not joined,not okay,2021,7
289,hidden,ernakulam,hidden,hidden,social media,ug,electronics,no_career_issue,work experience,mern,offline,weekend,2021-03-26,monish,2,60000,2021,not joined,high fee,2021,3
290,hidden,kozhikode,hidden,hidden,social media,ug,civil,no_career_issue,short term course,python,offline,morning,2021-12-21,baiju,2,60000,2021,joined,not impressed,2021,12
291,hidden,westhill,hidden,hidden,social media,ug,electronics,no_career_issue,others,python,offline,weekend,2021-06-27,sivaprasad,1,60000,2020,joined,not impressed,2021,6
292,hidden,westhill,hidden,hidden,social media,ug,computer science,career gap,others,java,hybrid,evening,2021-12-14,baiju,3,60000,2017,not joined,not okay,2021,12
293,hidden,westhill,hidden,hidden,social media,ug,other,no_career_issue,others,web designing,hybrid,morning,2021-01-03,baiju,2,12500,2018,not joined,not impressed,2021,1
294,hidden,koyilandy,hidden,hidden,google,pg,computer science,backpapers,job oriented course,python,offline,afternoon,2021-06-03,baiju,5,60000,2016,not joined,call not picking,2021,6
295,hidden,tirur,hidden,hidden,reference,ug,commerce,career gap,others,ai,offline,morning,2021-12-26,anupama,1,12500,2016,not joined,not interested,2021,12
296,hidden,kunnamangalam,hidden,hidden,reference,ug,electronics,no_career_issue,job oriented course,python,offline,afternoon,2021-05-15,deepak,1,60000,2020,not joined,call not picking,2021,5
297,hidden,palazhi,hidden,hidden,google,ug,electronics,no_career_issue,job oriented course,data science,online,evening,2021-07-18,baiju,2,60000,2021,joined,not impressed,2021,7
298,hidden,wayanad,hidden,hidden,reference,diploma,other,no_career_issue,short term course,data science,offline,afternoon,2021-04-09,lekha,3,60000,2016,not joined,not impressed,2021,4
299,hidden,malappuram,hidden,hidden,reference,diploma,electronics,no_career_issue,short term course,data science,offline,morning,2021-03-03,baiju,5,60000,2020,not joined,call not picking,2021,3
300,hidden,palazhi,hidden,hidden,social media,ug,other,backpapers,job oriented course,data science,offline,morning,2021-05-19,anupama,2,35000,2018,not joined,not okay,2021,5
301,hidden,kozhikode,hidden,hidden,reference,ug,civil,career gap,others,data science,online,morning,2021-05-18,baiju,1,60000,2020,joined,not impressed,2021,5
302,hidden,nadakkavu,hidden,hidden,social media,ug,computer science,no_career_issue,others,mern,offline,morning,2021-08-02,anupama,1,60000,2018,joined,not impressed,2021,8
303,hidden,farook,hidden,hidden,others,ug,civil,no_career_issue,work experience,data science,offline,afternoon,2021-07-24,lekha,2,35000,2016,not joined,call not picking,2021,7
304,hidden,westhill,hidden,hidden,social media,ug,civil,career gap,others,mern,online,morning,2021-03-16,baiju,1,60000,2019,not joined,joined other institude,2021,3
305,hidden,manjeri,hidden,hidden,social media,pg,civil,non it background,short term course,python,offline,afternoon,2021-05-09,monish,2,60000,2017,not joined,not impressed,2021,5
306,hidden,westhill,hidden,hidden,social media,diploma,other,no_career_issue,others,python,hybrid,morning,2021-12-10,baiju,1,35000,2019,not joined,call not picking,2021,12
307,hidden,nilambur,hidden,hidden,google,pg,civil,backpapers,job oriented course,java,online,afternoon,2021-05-24,deepak,1,12500,2017,not joined,call not picking,2021,5
308,hidden,kannur,hidden,hidden,social media,ug,commerce,career gap,others,python,offline,morning,2021-07-10,baiju,3,60000,2019,not joined,not okay,2021,7
309,hidden,kozhikode,hidden,hidden,reference,pg,other,no_career_issue,it internship,ai,offline,evening,2021-12-23,baiju,2,60000,2016,not joined,not okay,2021,12
310,hidden,ramanattukara,hidden,hidden,social media,pg,other,career gap,it internship,python,online,morning,2021-11-10,baiju,1,12500,2018,not joined,high fee,2021,11
311,hidden,chevayur,hidden,hidden,reference,plus 2,commerce,backpapers,work experience,java,offline,afternoon,2021-06-16,baiju,2,60000,2018,joined,not impressed,2021,6
312,hidden,koyilandy,hidden,hidden,social media,ug,electronics,no_career_issue,work experience,java,offline,morning,2021-03-08,monish,2,60000,2018,not joined,not impressed,2021,3
313,hidden,kozhikode,hidden,hidden,others,pg,civil,backpapers,it internship,mern,offline,afternoon,2021-12-15,baiju,1,12500,2018,not joined,not okay,2021,12
314,hidden,nadakkavu,hidden,hidden,social media,ug,civil,no_career_issue,short term course,mern,offline,morning,2021-04-15,baiju,1,60000,2021,not joined,not okay,2021,4
315,hidden,kozhikode,hidden,hidden,social media,ug,computer science,no_career_issue,it internship,data science,offline,morning,2021-06-25,sandra,1,60000,2017,not joined,call not picking,2021,6
316,hidden,tirur,hidden,hidden,google,ug,other,no_career_issue,it internship,mern,hybrid,morning,2021-04-23,baiju,1,60000,2020,joined,not impressed,2021,4
317,hidden,tanur,hidden,hidden,others,plus 2,civil,no_career_issue,it internship,data science,hybrid,morning,2021-02-11,baiju,2,35000,2018,not joined,suspected,2021,2
318,hidden,tirur,hidden,hidden,social media,ug,mechanical,no_career_issue,job oriented course,python,online,morning,2021-09-09,sivaprasad,2,60000,2020,not joined,joined other institude,2021,9
319,hidden,kozhikode,hidden,hidden,reference,ug,commerce,non it background,job oriented course,testing,online,morning,2021-10-22,anupama,6,60000,2018,not joined,not impressed,2021,10
320,hidden,chevayur,hidden,hidden,social media,ug,other,no_career_issue,work experience,python,offline,morning,2021-05-27,baiju,1,12500,2016,not joined,not okay,2021,5
321,hidden,ernakulam,hidden,hidden,others,plus 2,mechanical,no_career_issue,job oriented course,python,offline,morning,2021-05-22,baiju,3,60000,2021,joined,not impressed,2021,5
322,hidden,kozhikode,hidden,hidden,social media,ug,electronics,backpapers,others,python,offline,evening,2021-04-25,baiju,1,60000,2017,not joined,not interested,2021,4
323,hidden,kozhikode,hidden,hidden,others,sslc,civil,no_career_issue,job oriented course,mern,offline,afternoon,2021-12-11,baiju,2,12500,2020,not joined,call not picking,2021,12
324,hidden,medical college,hidden,hidden,social media,ug,other,non it background,others,python,offline,morning,2021-10-09,baiju,5,60000,2019,not joined,not impressed,2021,10
325,hidden,kozhikode,hidden,hidden,reference,ug,other,no_career_issue,others,mern,online,morning,2021-02-05,baiju,5,60000,2018,not joined,joined other institude,2021,2
326,hidden,trivandrum,hidden,hidden,google,pg,other,no_career_issue,job oriented course,data science,hybrid,morning,2021-10-07,baiju,1,35000,2017,not joined,suspected,2021,10
327,hidden,farook,hidden,hidden,reference,pg,other,no_career_issue,job oriented course,python,offline,weekend,2021-07-09,baiju,2,12500,2017,not joined,call not picking,2021,7
328,hidden,nadakkavu,hidden,hidden,social media,ug,other,no_career_issue,it internship,python,hybrid,morning,2021-09-16,baiju,3,35000,2016,not joined,not impressed,2021,9
329,hidden,tirur,hidden,hidden,google,ug,mechanical,career gap,job oriented course,data science,offline,afternoon,2021-07-26,baiju,4,12500,2019,not joined,joined other institude,2021,7
330,hidden,vadakara,hidden,hidden,social media,ug,electronics,no_career_issue,work experience,python,offline,afternoon,2021-07-15,baiju,2,60000,2018,not joined,joined other institude,2021,7
331,hidden,ramanattukara,hidden,hidden,others,ug,commerce,non it background,job oriented course,mern,online,weekend,2021-07-12,rifna,2,60000,2020,not joined,high fee,2021,7
332,hidden,kozhikode,hidden,hidden,social media,ug,electronics,career gap,short term course,python,online,afternoon,2021-01-10,baiju,1,60000,2020,not joined,not interested,2021,1
333,hidden,ponnani,hidden,hidden,social media,ug,electronics,no_career_issue,it internship,data science,offline,morning,2021-12-26,baiju,1,60000,2019,joined,not impressed,2021,12
334,hidden,nadakkavu,hidden,hidden,reference,pg,electronics,non it background,short term course,data science,online,evening,2021-01-23,sandra,6,60000,2018,joined,not impressed,2021,1
335,hidden,chaliyam,hidden,hidden,social media,ug,electronics,non it background,others,mern,offline,weekend,2021-08-06,baiju,4,12500,2018,not joined,not impressed,2021,8
336,hidden,tirur,hidden,hidden,reference,ug,commerce,no_career_issue,it internship,mern,online,evening,2021-06-26,monish,5,60000,2020,joined,not impressed,2021,6
337,hidden,kovoor,hidden,hidden,social media,ug,mechanical,no_career_issue,job oriented course,python,online,evening,2021-12-14,sivaprasad,1,12500,2017,not joined,joined other institude,2021,12
338,hidden,kannur,hidden,hidden,social media,others,mechanical,no_career_issue,others,data science,online,afternoon,2021-12-18,sivaprasad,2,35000,2020,not joined,not interested,2021,12
339,hidden,ramanattukara,hidden,hidden,social media,ug,other,non it background,others,python,offline,weekend,2021-10-08,baiju,1,60000,2017,joined,not impressed,2021,10
340,hidden,nadakkavu,hidden,hidden,others,ug,other,career gap,job oriented course,python,offline,afternoon,2021-01-12,baiju,1,35000,2016,not joined,suspected,2021,1
341,hidden,palakkad,hidden,hidden,social media,ug,other,non it background,job oriented course,python,offline,morning,2021-09-20,baiju,1,60000,2020,not joined,not okay,2021,9
342,hidden,nadakkavu,hidden,hidden,social media,ug,electronics,no_career_issue,job oriented course,mern,online,morning,2021-06-21,rifna,4,60000,2020,joined,not impressed,2021,6
343,hidden,koyilandy,hidden,hidden,google,ug,civil,non it background,short term course,java,online,morning,2021-10-11,baiju,1,60000,2016,joined,not impressed,2021,10
344,hidden,kondotty,hidden,hidden,social media,diploma,other,no_career_issue,work experience,mern,hybrid,afternoon,2021-06-25,sivaprasad,1,60000,2018,joined,not impressed,2021,6
345,hidden,manjeri,hidden,hidden,social media,pg,mechanical,backpapers,short term course,python,offline,evening,2021-07-05,baiju,4,60000,2017,not joined,not interested,2021,7
346,hidden,palakkad,hidden,hidden,social media,pg,electronics,career gap,short term course,java,offline,morning,2021-03-18,rifna,1,35000,2020,not joined,not impressed,2021,3
347,hidden,kozhikode,hidden,hidden,social media,others,electronics,non it background,others,mern,offline,morning,2021-11-13,baiju,1,60000,2020,not joined,high fee,2021,11
348,hidden,kozhikode,hidden,hidden,social media,plus 2,mechanical,no_career_issue,job oriented course,mern,hybrid,morning,2021-07-03,baiju,2,60000,2018,not joined,joined other institude,2021,7
349,hidden,kozhikode,hidden,hidden,social media,ug,electronics,no_career_issue,job oriented course,python,offline,morning,2021-04-15,baiju,2,60000,2016,joined,not impressed,2021,4
350,hidden,farook,hidden,hidden,reference,ug,other,no_career_issue,it internship,python,offline,morning,2021-04-03,faisal,1,35000,2016,not joined,not okay,2021,4
351,hidden,kozhikode,hidden,hidden,google,ug,mechanical,career gap,short term course,data science,offline,afternoon,2021-03-27,baiju,2,60000,2018,not joined,suspected,2021,3
352,hidden,pantheerankavu,hidden,hidden,reference,pg,electronics,backpapers,short term course,mern,online,afternoon,2021-12-26,faisal,6,60000,2019,not joined,not okay,2021,12
353,hidden,westhill,hidden,hidden,others,ug,electronics,no_career_issue,others,python,offline,weekend,2021-09-12,baiju,1,60000,2021,joined,not impressed,2021,9
354,hidden,malappuram,hidden,hidden,social media,ug,electronics,no_career_issue,job oriented course,mern,offline,morning,2021-09-19,baiju,4,60000,2021,not joined,suspected,2021,9
355,hidden,kozhikode,hidden,hidden,social media,diploma,other,no_career_issue,it internship,python,offline,morning,2021-01-08,baiju,5,60000,2018,not joined,not interested,2021,1
356,hidden,vadakara,hidden,hidden,social media,ug,mechanical,no_career_issue,it internship,flutter,offline,afternoon,2021-02-24,faisal,5,60000,2019,not joined,high fee,2021,2
357,hidden,kondotty,hidden,hidden,social media,pg,commerce,no_career_issue,it internship,data science,hybrid,morning,2021-12-24,baiju,2,35000,2020,not joined,not okay,2021,12
358,hidden,nadakkavu,hidden,hidden,social media,pg,commerce,no_career_issue,it internship,ai,offline,evening,2021-02-02,deepak,1,60000,2017,joined,not impressed,2021,2
359,hidden,kozhikode,hidden,hidden,google,pg,commerce,non it background,job oriented course,python,offline,afternoon,2021-07-17,baiju,1,60000,2020,not joined,high fee,2021,7
360,hidden,nadakkavu,hidden,hidden,social media,ug,mechanical,no_career_issue,short term course,python,hybrid,evening,2021-07-09,baiju,4,12500,2016,not joined,not okay,2021,7
361,hidden,pantheerankavu,hidden,hidden,social media,pg,computer science,no_career_issue,others,mern,offline,morning,2021-05-03,rifna,2,60000,2017,joined,not impressed,2021,5
362,hidden,medical college,hidden,hidden,others,ug,other,backpapers,job oriented course,mern,offline,morning,2021-02-18,baiju,4,35000,2018,not joined,suspected,2021,2
363,hidden,palakkad,hidden,hidden,social media,ug,mechanical,career gap,short term course,python,offline,evening,2021-06-04,baiju,2,12500,2017,not joined,not impressed,2021,6
364,hidden,chaliyam,hidden,hidden,reference,ug,electronics,no_career_issue,short term course,mern,offline,evening,2021-01-12,baiju,2,12500,2017,not joined,high fee,2021,1
365,hidden,palakkad,hidden,hidden,social media,pg,mechanical,no_career_issue,work experience,python,offline,morning,2021-04-02,baiju,1,60000,2017,not joined,not interested,2021,4
366,hidden,westhill,hidden,hidden,social media,pg,commerce,career gap,others,mern,offline,morning,2021-09-20,lekha,1,60000,2021,joined,not impressed,2021,9
367,hidden,ramanattukara,hidden,hidden,others,pg,commerce,career gap,short term course,mern,offline,evening,2021-04-25,baiju,1,35000,2018,not joined,suspected,2021,4
368,hidden,koyilandy,hidden,hidden,others,sslc,civil,career gap,others,python,online,afternoon,2021-05-23,faisal,1,60000,2020,not joined,suspected,2021,5
369,hidden,kannur,hidden,hidden,social media,ug,electronics,career gap,work experience,mern,offline,weekend,2021-05-11,baiju,2,12500,2016,not joined,not interested,2021,5
370,hidden,westhill,hidden,hidden,social media,diploma,other,non it background,short term course,python,online,evening,2021-12-11,anupama,2,60000,2021,joined,not impressed,2021,12
371,hidden,wayanad,hidden,hidden,social media,ug,mechanical,no_career_issue,work experience,data science,online,morning,2021-04-18,baiju,1,60000,2021,not joined,not impressed,2021,4
372,hidden,kottayam,hidden,hidden,social media,plus 2,civil,no_career_issue,job oriented course,data science,offline,morning,2021-02-23,faisal,1,35000,2019,not joined,joined other institude,2021,2
373,hidden,kozhikode,hidden,hidden,reference,ug,civil,no_career_issue,short term course,mern,online,afternoon,2021-06-16,rifna,6,12500,2016,not joined,not impressed,2021,6
374,hidden,kozhikode,hidden,hidden,others,pg,computer science,career gap,work experience,data science,offline,weekend,2021-05-02,baiju,1,35000,2017,not joined,high fee,2021,5
375,hidden,koyilandy,hidden,hidden,social media,others,mechanical,no_career_issue,short term course,mern,offline,morning,2021-06-05,baiju,2,35000,2020,not joined,not impressed,2021,6
376,hidden,kozhikode,hidden,hidden,social media,pg,computer science,no_career_issue,work experience,flutter,hybrid,morning,2021-09-12,sivaprasad,1,60000,2021,not joined,joined other institude,2021,9
377,hidden,nilambur,hidden,hidden,social media,ug,other,no_career_issue,work experience,data science,offline,evening,2021-06-14,sivaprasad,2,60000,2020,not joined,call not picking,2021,6
378,hidden,westhill,hidden,hidden,social media,ug,other,backpapers,it internship,java,offline,morning,2021-09-22,anupama,3,60000,2016,joined,not impressed,2021,9
379,hidden,nadakkavu,hidden,hidden,social media,plus 2,commerce,non it background,others,data science,offline,morning,2021-04-27,baiju,1,60000,2020,not joined,suspected,2021,4
380,hidden,chevayur,hidden,hidden,social media,diploma,mechanical,career gap,job oriented course,python,online,evening,2022-07-20,monish,2,60000,2020,not joined,call not picking,2022,7
381,hidden,kozhikode,hidden,hidden,google,ug,other,non it background,short term course,python,offline,morning,2022-06-21,faisal,6,60000,2020,joined,not impressed,2022,6
382,hidden,nadakkavu,hidden,hidden,others,ug,mechanical,career gap,job oriented course,mern,offline,morning,2022-03-17,deepak,1,35000,2018,not joined,joined other institude,2022,3
383,hidden,nadakkavu,hidden,hidden,others,ug,mechanical,backpapers,short term course,mern,online,morning,2022-04-03,anupama,2,12500,2022,not joined,high fee,2022,4
384,hidden,kunnamangalam,hidden,hidden,reference,ug,other,no_career_issue,others,python,offline,morning,2022-07-16,faisal,3,35000,2017,not joined,joined other institude,2022,7
385,hidden,wayanad,hidden,hidden,social media,ug,civil,no_career_issue,short term course,data science,hybrid,morning,2022-08-12,baiju,2,60000,2019,not joined,call not picking,2022,8
386,hidden,vadakara,hidden,hidden,social media,ug,commerce,backpapers,short term course,data science,offline,morning,2022-08-15,baiju,3,60000,2018,not joined,suspected,2022,8
387,hidden,wayanad,hidden,hidden,social media,pg,other,backpapers,others,python,offline,morning,2022-11-09,sandra,2,60000,2020,joined,not impressed,2022,11
388,hidden,vadakara,hidden,hidden,social media,sslc,mechanical,career gap,others,data science,hybrid,morning,2022-03-12,baiju,3,12500,2022,not joined,call not picking,2022,3
389,hidden,ramanattukara,hidden,hidden,google,sslc,civil,no_career_issue,it internship,python,offline,morning,2022-12-12,lekha,1,12500,2018,not joined,joined other institude,2022,12
390,hidden,kovoor,hidden,hidden,social media,ug,computer science,no_career_issue,it internship,data science,online,evening,2022-07-25,baiju,1,60000,2018,not joined,not interested,2022,7
391,hidden,tirur,hidden,hidden,google,ug,other,career gap,others,python,online,weekend,2022-12-25,baiju,1,60000,2020,not joined,call not picking,2022,12
392,hidden,kunnamangalam,hidden,hidden,social media,ug,other,career gap,others,python,offline,evening,2022-04-02,baiju,2,12500,2017,not joined,suspected,2022,4
393,hidden,chevayur,hidden,hidden,social media,pg,commerce,no_career_issue,job oriented course,mern,offline,morning,2022-11-05,sandra,2,12500,2021,not joined,suspected,2022,11
394,hidden,pantheerankavu,hidden,hidden,social media,ug,electronics,no_career_issue,it internship,mern,offline,weekend,2022-12-07,monish,1,60000,2018,not joined,not impressed,2022,12
395,hidden,chaliyam,hidden,hidden,social media,ug,mechanical,backpapers,job oriented course,mern,online,afternoon,2022-05-07,sivaprasad,1,60000,2021,not joined,joined other institude,2022,5
396,hidden,kondotty,hidden,hidden,social media,diploma,commerce,no_career_issue,job oriented course,ai,offline,morning,2022-05-06,baiju,1,60000,2017,not joined,not impressed,2022,5
397,hidden,chaliyam,hidden,hidden,social media,sslc,other,no_career_issue,it internship,data science,offline,morning,2022-12-03,deepak,5,35000,2020,not joined,not impressed,2022,12
398,hidden,kozhikode,hidden,hidden,google,ug,commerce,career gap,work experience,data science,offline,morning,2022-01-18,baiju,1,35000,2019,not joined,joined other institude,2022,1
399,hidden,chevayur,hidden,hidden,social media,pg,commerce,no_career_issue,others,python,online,afternoon,2022-08-19,baiju,2,60000,2018,joined,not impressed,2022,8
400,hidden,trivandrum,hidden,hidden,social media,pg,other,career gap,short term course,mern,hybrid,weekend,2022-07-21,baiju,5,60000,2020,not joined,joined other institude,2022,7
401,hidden,nadakkavu,hidden,hidden,social media,ug,computer science,no_career_issue,it internship,python,offline,morning,2022-10-05,anupama,2,60000,2017,joined,not impressed,2022,10
402,hidden,kozhikode,hidden,hidden,google,ug,electronics,career gap,others,data science,hybrid,afternoon,2022-07-03,baiju,3,60000,2018,joined,not impressed,2022,7
403,hidden,farook,hidden,hidden,others,ug,computer science,no_career_issue,work experience,mern,offline,afternoon,2022-03-01,baiju,3,60000,2021,not joined,not interested,2022,3
404,hidden,koyilandy,hidden,hidden,google,pg,mechanical,no_career_issue,others,flutter,hybrid,morning,2022-06-22,baiju,1,60000,2017,not joined,joined other institude,2022,6
405,hidden,vadakara,hidden,hidden,reference,ug,civil,no_career_issue,it internship,java,hybrid,morning,2022-07-27,baiju,1,60000,2019,joined,not impressed,2022,7
406,hidden,palakkad,hidden,hidden,google,ug,civil,backpapers,it internship,mern,offline,afternoon,2022-08-23,anupama,3,60000,2021,joined,not impressed,2022,8
407,hidden,trivandrum,hidden,hidden,social media,ug,civil,non it background,work experience,python,online,morning,2022-05-01,baiju,1,35000,2021,not joined,suspected,2022,5
408,hidden,kozhikode,hidden,hidden,social media,ug,other,no_career_issue,it internship,data science,offline,morning,2022-03-17,baiju,2,35000,2017,not joined,joined other institude,2022,3
409,hidden,kunnamangalam,hidden,hidden,reference,ug,computer science,backpapers,others,data science,offline,weekend,2022-08-06,baiju,4,60000,2022,joined,not impressed,2022,8
410,hidden,tanur,hidden,hidden,social media,ug,electronics,no_career_issue,others,data science,online,morning,2022-06-27,baiju,1,60000,2017,not joined,not interested,2022,6
411,hidden,palazhi,hidden,hidden,social media,ug,commerce,no_career_issue,work experience,java,online,afternoon,2022-01-22,baiju,1,35000,2021,not joined,not impressed,2022,1
412,hidden,nadakkavu,hidden,hidden,google,diploma,other,backpapers,work experience,java,offline,morning,2022-07-26,baiju,4,60000,2022,not joined,joined other institude,2022,7
413,hidden,nilambur,hidden,hidden,google,ug,civil,non it background,short term course,data science,offline,evening,2022-05-09,deepak,2,60000,2021,joined,not impressed,2022,5
414,hidden,kannur,hidden,hidden,others,ug,computer science,no_career_issue,work experience,python,offline,morning,2022-05-18,rifna,1,60000,2019,joined,not impressed,2022,5
415,hidden,beypore,hidden,hidden,social media,ug,mechanical,non it background,others,python,offline,morning,2022-12-14,baiju,3,60000,2022,joined,not impressed,2022,12
416,hidden,kozhikode,hidden,hidden,reference,pg,mechanical,no_career_issue,work experience,data science,offline,weekend,2022-02-27,baiju,5,60000,2021,not joined,joined other institude,2022,2
417,hidden,nilambur,hidden,hidden,social media,ug,mechanical,non it background,job oriented course,flutter,online,morning,2022-04-20,deepak,1,35000,2018,not joined,call not picking,2022,4
418,hidden,westhill,hidden,hidden,social media,ug,other,no_career_issue,short term course,python,offline,afternoon,2022-05-08,sivaprasad,1,60000,2018,not joined,joined other institude,2022,5
419,hidden,kunnamangalam,hidden,hidden,social media,pg,other,no_career_issue,work experience,data science,online,afternoon,2022-07-11,baiju,3,60000,2020,not joined,call not picking,2022,7
420,hidden,chevayur,hidden,hidden,social media,ug,commerce,career gap,others,data science,offline,weekend,2022-03-16,sivaprasad,2,12500,2018,not joined,suspected,2022,3
421,hidden,kozhikode,hidden,hidden,social media,diploma,other,career gap,job oriented course,mern,hybrid,morning,2022-01-06,sandra,2,60000,2022,not joined,not interested,2022,1
422,hidden,kozhikode,hidden,hidden,social media,ug,civil,no_career_issue,it internship,python,offline,evening,2022-10-27,deepak,2,60000,2018,not joined,call not picking,2022,10
423,hidden,kannur,hidden,hidden,social media,others,commerce,career gap,others,mern,offline,afternoon,2022-08-14,lekha,1,60000,2020,not joined,high fee,2022,8
424,hidden,kannur,hidden,hidden,google,pg,mechanical,career gap,work experience,mern,offline,morning,2022-04-17,baiju,1,60000,2019,not joined,suspected,2022,4
425,hidden,ernakulam,hidden,hidden,social media,ug,civil,no_career_issue,it internship,python,offline,morning,2022-01-17,baiju,2,60000,2019,not joined,not okay,2022,1
426,hidden,kunnamangalam,hidden,hidden,reference,ug,commerce,no_career_issue,work experience,data science,hybrid,morning,2022-02-22,anupama,2,60000,2020,not joined,call not picking,2022,2
427,hidden,wayanad,hidden,hidden,social media,pg,computer science,non it background,short term course,data science,offline,afternoon,2022-04-13,monish,2,60000,2021,not joined,not okay,2022,4
428,hidden,manjeri,hidden,hidden,google,ug,commerce,backpapers,work experience,others,offline,evening,2022-01-22,baiju,2,60000,2017,not joined,high fee,2022,1
429,hidden,chaliyam,hidden,hidden,social media,ug,mechanical,no_career_issue,work experience,java,offline,morning,2022-06-14,monish,2,60000,2022,joined,not impressed,2022,6
430,hidden,kozhikode,hidden,hidden,social media,pg,computer science,no_career_issue,job oriented course,flutter,online,evening,2022-05-04,lekha,1,60000,2020,not joined,suspected,2022,5
431,hidden,kozhikode,hidden,hidden,social media,others,other,career gap,work experience,python,offline,morning,2022-07-25,rifna,2,35000,2018,not joined,suspected,2022,7
432,hidden,kozhikode,hidden,hidden,reference,ug,civil,career gap,work experience,data science,offline,morning,2022-09-22,rifna,1,12500,2022,not joined,high fee,2022,9
433,hidden,manjeri,hidden,hidden,social media,ug,mechanical,no_career_issue,short term course,flutter,hybrid,morning,2022-07-22,monish,4,35000,2022,not joined,suspected,2022,7
434,hidden,malappuram,hidden,hidden,reference,ug,mechanical,non it background,it internship,python,offline,morning,2022-09-10,rifna,2,60000,2019,not joined,not okay,2022,9
435,hidden,kondotty,hidden,hidden,others,ug,computer science,career gap,job oriented course,data science,offline,morning,2022-06-18,baiju,4,60000,2017,joined,not impressed,2022,6
436,hidden,kozhikode,hidden,hidden,social media,ug,electronics,career gap,short term course,java,hybrid,weekend,2022-06-07,monish,1,60000,2017,joined,not impressed,2022,6
437,hidden,tirur,hidden,hidden,social media,ug,mechanical,no_career_issue,work experience,mern,offline,afternoon,2022-10-13,faisal,2,60000,2022,not joined,not impressed,2022,10
438,hidden,tanur,hidden,hidden,social media,ug,commerce,career gap,others,python,online,afternoon,2022-04-11,deepak,2,35000,2022,not joined,not okay,2022,4
439,hidden,chaliyam,hidden,hidden,social media,ug,computer science,no_career_issue,others,data science,offline,evening,2022-08-01,monish,1,12500,2021,not joined,not interested,2022,8
440,hidden,manjeri,hidden,hidden,social media,pg,electronics,no_career_issue,short term course,python,online,morning,2022-04-22,sandra,2,60000,2020,not joined,call not picking,2022,4
441,hidden,kozhikode,hidden,hidden,social media,pg,commerce,backpapers,it internship,ai,hybrid,afternoon,2022-09-16,baiju,1,60000,2021,joined,not impressed,2022,9
442,hidden,chevayur,hidden,hidden,social media,pg,commerce,backpapers,work experience,python,offline,morning,2022-04-27,faisal,2,60000,2017,joined,not impressed,2022,4
443,hidden,farook,hidden,hidden,social media,ug,electronics,career gap,short term course,mern,hybrid,evening,2022-12-11,baiju,1,12500,2022,not joined,call not picking,2022,12
444,hidden,westhill,hidden,hidden,social media,ug,other,no_career_issue,job oriented course,java,offline,morning,2022-05-26,baiju,1,60000,2018,joined,not impressed,2022,5
445,hidden,beypore,hidden,hidden,social media,pg,computer science,backpapers,others,python,offline,evening,2022-06-20,lekha,2,60000,2019,not joined,not okay,2022,6
446,hidden,palazhi,hidden,hidden,others,ug,mechanical,no_career_issue,it internship,python,offline,morning,2022-09-06,baiju,1,12500,2019,not joined,call not picking,2022,9
447,hidden,chevayur,hidden,hidden,reference,ug,electronics,no_career_issue,short term course,python,offline,morning,2022-06-02,lekha,1,12500,2021,not joined,not impressed,2022,6
448,hidden,nadakkavu,hidden,hidden,others,plus 2,commerce,no_career_issue,others,mern,offline,morning,2022-07-16,monish,1,60000,2018,not joined,high fee,2022,7
449,hidden,tirur,hidden,hidden,reference,ug,mechanical,no_career_issue,it internship,data science,online,morning,2022-04-10,baiju,2,60000,2017,not joined,not interested,2022,4
450,hidden,chevayur,hidden,hidden,social media,ug,mechanical,non it background,work experience,python,offline,evening,2022-08-08,baiju,2,60000,2019,not joined,not impressed,2022,8
451,hidden,pantheerankavu,hidden,hidden,reference,ug,civil,no_career_issue,short term course,python,offline,morning,2022-09-17,baiju,2,60000,2021,not joined,joined other institude,2022,9
452,hidden,westhill,hidden,hidden,social media,ug,computer science,backpapers,job oriented course,others,online,morning,2022-06-16,deepak,1,35000,2022,not joined,call not picking,2022,6
453,hidden,malappuram,hidden,hidden,others,ug,computer science,no_career_issue,it internship,data science,online,morning,2022-03-12,deepak,2,60000,2020,not joined,not interested,2022,3
454,hidden,kozhikode,hidden,hidden,others,diploma,other,career gap,work experience,python,online,morning,2022-04-04,deepak,1,35000,2021,not joined,call not picking,2022,4
455,hidden,koyilandy,hidden,hidden,social media,pg,computer science,career gap,others,mern,offline,morning,2022-04-20,monish,1,35000,2021,not joined,suspected,2022,4
456,hidden,kozhikode,hidden,hidden,social media,ug,commerce,non it background,it internship,data science,offline,morning,2022-02-14,baiju,3,60000,2022,joined,not impressed,2022,2
457,hidden,kondotty,hidden,hidden,social media,ug,other,backpapers,work experience,data science,offline,afternoon,2022-08-16,deepak,5,60000,2022,joined,not impressed,2022,8
458,hidden,kozhikode,hidden,hidden,social media,ug,mechanical,no_career_issue,others,mern,hybrid,morning,2022-02-10,baiju,1,60000,2019,not joined,not interested,2022,2
459,hidden,kozhikode,hidden,hidden,social media,ug,commerce,non it background,short term course,mern,offline,weekend,2022-07-18,baiju,1,60000,2019,not joined,call not picking,2022,7
460,hidden,nadakkavu,hidden,hidden,social media,diploma,mechanical,no_career_issue,it internship,web designing,offline,afternoon,2022-06-16,baiju,1,60000,2018,joined,not impressed,2022,6
461,hidden,chaliyam,hidden,hidden,social media,diploma,other,no_career_issue,work experience,mern,offline,morning,2022-03-13,sandra,1,60000,2017,not joined,joined other institude,2022,3
462,hidden,kozhikode,hidden,hidden,social media,ug,computer science,no_career_issue,job oriented course,data science,offline,morning,2022-06-10,lekha,3,60000,2018,not joined,joined other institude,2022,6
463,hidden,westhill,hidden,hidden,social media,ug,commerce,no_career_issue,it internship,python,hybrid,morning,2022-06-25,faisal,1,12500,2020,not joined,suspected,2022,6
464,hidden,chevayur,hidden,hidden,social media,diploma,other,backpapers,work experience,python,offline,afternoon,2022-05-20,baiju,1,60000,2021,not joined,joined other institude,2022,5
465,hidden,kozhikode,hidden,hidden,social media,ug,mechanical,career gap,job oriented course,mern,offline,evening,2022-02-26,faisal,2,12500,2017,not joined,call not picking,2022,2
466,hidden,ponnani,hidden,hidden,reference,ug,commerce,no_career_issue,work experience,mern,hybrid,afternoon,2022-03-27,baiju,1,35000,2017,not joined,suspected,2022,3
467,hidden,medical college,hidden,hidden,social media,ug,other,backpapers,others,data science,offline,morning,2022-12-12,rifna,1,60000,2022,not joined,not interested,2022,12
468,hidden,chevayur,hidden,hidden,social media,pg,other,career gap,it internship,java,hybrid,morning,2022-09-25,baiju,2,12500,2021,not joined,not interested,2022,9
469,hidden,kozhikode,hidden,hidden,social media,ug,computer science,no_career_issue,job oriented course,mern,online,morning,2022-05-03,baiju,3,60000,2017,not joined,not impressed,2022,5
470,hidden,nadakkavu,hidden,hidden,social media,ug,mechanical,no_career_issue,job oriented course,python,offline,weekend,2022-11-23,baiju,1,35000,2020,not joined,call not picking,2022,11
471,hidden,thrissur,hidden,hidden,google,ug,commerce,non it background,short term course,mern,offline,afternoon,2022-10-19,baiju,2,60000,2020,not joined,suspected,2022,10
472,hidden,kozhikode,hidden,hidden,others,ug,civil,no_career_issue,it internship,python,hybrid,morning,2022-04-12,sandra,1,35000,2017,not joined,suspected,2022,4
473,hidden,malappuram,hidden,hidden,social media,ug,computer science,no_career_issue,it internship,mern,offline,morning,2022-06-03,baiju,1,60000,2019,not joined,joined other institude,2022,6
474,hidden,chevayur,hidden,hidden,social media,diploma,civil,career gap,it internship,python,hybrid,weekend,2022-12-23,anupama,1,35000,2020,not joined,not okay,2022,12
475,hidden,kozhikode,hidden,hidden,reference,diploma,mechanical,no_career_issue,short term course,mern,online,morning,2022-05-19,baiju,1,35000,2021,not joined,joined other institude,2022,5
476,hidden,kozhikode,hidden,hidden,social media,pg,mechanical,no_career_issue,job oriented course,data science,offline,morning,2022-04-06,monish,1,12500,2019,not joined,not okay,2022,4
477,hidden,thrissur,hidden,hidden,social media,pg,electronics,no_career_issue,others,python,offline,weekend,2022-10-12,baiju,2,60000,2022,joined,not impressed,2022,10
478,hidden,tirur,hidden,hidden,social media,ug,other,no_career_issue,job oriented course,ai,offline,morning,2022-05-11,sandra,3,60000,2021,not joined,not okay,2022,5
479,hidden,wayanad,hidden,hidden,others,ug,civil,career gap,short term course,data science,offline,morning,2022-12-03,lekha,2,60000,2022,not joined,not okay,2022,12
480,hidden,kannur,hidden,hidden,social media,diploma,commerce,non it background,work experience,data science,offline,evening,2022-04-20,baiju,4,60000,2019,not joined,suspected,2022,4
481,hidden,kondotty,hidden,hidden,social media,others,electronics,no_career_issue,others,python,offline,evening,2022-05-24,sandra,1,60000,2018,not joined,call not picking,2022,5
482,hidden,beypore,hidden,hidden,social media,ug,civil,non it background,work experience,mern,offline,evening,2022-04-08,deepak,5,60000,2018,joined,not impressed,2022,4
483,hidden,nilambur,hidden,hidden,social media,ug,commerce,no_career_issue,job oriented course,ai,hybrid,weekend,2022-02-17,baiju,4,60000,2019,not joined,suspected,2022,2
484,hidden,tanur,hidden,hidden,social media,ug,commerce,career gap,job oriented course,flutter,offline,weekend,2022-02-07,baiju,5,60000,2018,joined,not impressed,2022,2
485,hidden,kozhikode,hidden,hidden,google,ug,electronics,no_career_issue,job oriented course,java,offline,evening,2022-02-07,baiju,2,60000,2021,not joined,high fee,2022,2
486,hidden,westhill,hidden,hidden,others,pg,computer science,non it background,work experience,mern,offline,morning,2022-06-15,baiju,2,60000,2021,joined,not impressed,2022,6
487,hidden,palazhi,hidden,hidden,social media,pg,other,no_career_issue,work experience,mern,offline,morning,2022-05-01,baiju,5,60000,2018,not joined,joined other institude,2022,5
488,hidden,tirur,hidden,hidden,google,ug,mechanical,no_career_issue,short term course,data science,offline,afternoon,2022-05-13,anupama,1,60000,2017,not joined,not interested,2022,5
489,hidden,kozhikode,hidden,hidden,google,ug,commerce,no_career_issue,short term course,mern,offline,evening,2022-02-25,rifna,1,35000,2017,not joined,not interested,2022,2
490,hidden,nadakkavu,hidden,hidden,reference,ug,other,no_career_issue,it internship,mern,offline,morning,2022-04-11,deepak,1,60000,2022,joined,not impressed,2022,4
491,hidden,nadakkavu,hidden,hidden,google,ug,civil,no_career_issue,work experience,python,offline,evening,2022-05-09,baiju,2,60000,2017,joined,not impressed,2022,5
492,hidden,ernakulam,hidden,hidden,reference,pg,electronics,career gap,work experience,ai,offline,afternoon,2022-01-14,sivaprasad,2,60000,2022,joined,not impressed,2022,1
493,hidden,kovoor,hidden,hidden,social media,ug,computer science,no_career_issue,others,python,online,morning,2022-07-21,deepak,1,60000,2018,joined,not impressed,2022,7
494,hidden,farook,hidden,hidden,others,ug,other,no_career_issue,it internship,data science,offline,weekend,2022-04-12,monish,2,12500,2018,not joined,not impressed,2022,4
495,hidden,chevayur,hidden,hidden,social media,pg,commerce,no_career_issue,job oriented course,java,offline,afternoon,2022-02-03,baiju,4,60000,2019,joined,not impressed,2022,2
496,hidden,trivandrum,hidden,hidden,google,ug,commerce,non it background,it internship,flutter,online,morning,2022-06-16,baiju,2,60000,2022,not joined,high fee,2022,6
497,hidden,kondotty,hidden,hidden,social media,ug,mechanical,no_career_issue,others,python,hybrid,morning,2022-04-04,anupama,1,12500,2020,not joined,joined other institude,2022,4
498,hidden,chevayur,hidden,hidden,social media,ug,electronics,career gap,short term course,mern,online,afternoon,2022-06-04,baiju,2,12500,2019,not joined,not interested,2022,6
499,hidden,westhill,hidden,hidden,social media,ug,mechanical,non it background,it internship,python,online,morning,2022-06-19,monish,2,35000,2021,not joined,not impressed,2022,6
500,hidden,malappuram,hidden,hidden,reference,ug,civil,no_career_issue,short term course,testing,offline,morning,2022-07-09,deepak,3,60000,2017,joined,not impressed,2022,7
501,hidden,beypore,hidden,hidden,others,pg,commerce,career gap,it internship,python,offline,morning,2022-05-16,baiju,2,60000,2020,not joined,joined other institude,2022,5
502,hidden,kottayam,hidden,hidden,social media,ug,electronics,no_career_issue,others,mern,online,morning,2022-07-13,deepak,2,60000,2020,joined,not impressed,2022,7
503,hidden,chevayur,hidden,hidden,google,pg,civil,no_career_issue,others,flutter,offline,morning,2022-11-13,sivaprasad,6,35000,2022,not joined,joined other institude,2022,11
504,hidden,chevayur,hidden,hidden,google,pg,electronics,no_career_issue,others,python,offline,afternoon,2022-08-07,lekha,1,60000,2020,joined,not impressed,2022,8
505,hidden,kannur,hidden,hidden,reference,pg,mechanical,no_career_issue,work experience,data science,offline,evening,2022-10-19,baiju,1,35000,2017,not joined,not okay,2022,10
506,hidden,thrissur,hidden,hidden,social media,ug,computer science,no_career_issue,it internship,python,offline,morning,2022-06-21,baiju,1,60000,2020,joined,not impressed,2022,6
507,hidden,kovoor,hidden,hidden,social media,ug,electronics,backpapers,it internship,data science,offline,morning,2022-12-20,sivaprasad,2,60000,2022,not joined,suspected,2022,12
508,hidden,chevayur,hidden,hidden,social media,pg,computer science,non it background,job oriented course,mern,offline,morning,2022-05-23,sandra,1,12500,2019,not joined,not interested,2022,5
509,hidden,kannur,hidden,hidden,social media,plus 2,computer science,no_career_issue,it internship,mern,offline,morning,2022-12-20,lekha,2,60000,2017,not joined,not okay,2022,12
510,hidden,kozhikode,hidden,hidden,social media,ug,commerce,no_career_issue,job oriented course,python,online,morning,2022-11-17,anupama,4,60000,2018,joined,not impressed,2022,11
511,hidden,vadakara,hidden,hidden,others,diploma,civil,no_career_issue,it internship,java,offline,morning,2022-11-16,rifna,1,60000,2019,not joined,call not picking,2022,11
512,hidden,kozhikode,hidden,hidden,reference,ug,mechanical,no_career_issue,it internship,mern,hybrid,evening,2022-08-12,sivaprasad,2,60000,2018,joined,not impressed,2022,8
513,hidden,kozhikode,hidden,hidden,social media,diploma,commerce,no_career_issue,it internship,web designing,offline,morning,2022-11-03,baiju,3,60000,2022,not joined,not interested,2022,11
514,hidden,kozhikode,hidden,hidden,others,ug,commerce,non it background,short term course,data science,online,morning,2022-08-24,rifna,1,60000,2021,not joined,not impressed,2022,8
515,hidden,kozhikode,hidden,hidden,reference,pg,civil,no_career_issue,others,python,offline,morning,2022-05-25,deepak,2,60000,2017,not joined,not impressed,2022,5
516,hidden,nilambur,hidden,hidden,google,diploma,commerce,no_career_issue,job oriented course,data science,offline,morning,2022-04-08,lekha,1,60000,2019,not joined,suspected,2022,4
517,hidden,malappuram,hidden,hidden,others,ug,computer science,no_career_issue,it internship,python,offline,afternoon,2022-12-09,monish,3,35000,2022,not joined,not interested,2022,12
518,hidden,kozhikode,hidden,hidden,social media,ug,other,career gap,others,python,online,morning,2022-01-09,rifna,1,60000,2017,not joined,high fee,2022,1
519,hidden,kozhikode,hidden,hidden,social media,pg,commerce,non it background,short term course,web designing,offline,morning,2022-12-06,faisal,2,60000,2019,not joined,not interested,2022,12
520,hidden,westhill,hidden,hidden,reference,ug,mechanical,career gap,it internship,python,offline,weekend,2022-03-12,baiju,1,60000,2020,not joined,high fee,2022,3
521,hidden,ponnani,hidden,hidden,google,ug,civil,no_career_issue,short term course,flutter,offline,afternoon,2022-09-22,sandra,3,60000,2022,not joined,high fee,2022,9
522,hidden,tanur,hidden,hidden,social media,plus 2,civil,non it background,work experience,mern,hybrid,afternoon,2022-04-16,baiju,2,35000,2022,not joined,not okay,2022,4
523,hidden,pantheerankavu,hidden,hidden,google,ug,electronics,career gap,work experience,data science,offline,weekend,2022-12-21,baiju,1,35000,2021,not joined,call not picking,2022,12
524,hidden,kozhikode,hidden,hidden,reference,pg,electronics,non it background,job oriented course,python,offline,morning,2022-05-05,baiju,1,60000,2020,not joined,joined other institude,2022,5
525,hidden,wayanad,hidden,hidden,social media,ug,mechanical,career gap,work experience,flutter,hybrid,morning,2022-12-11,anupama,1,35000,2018,not joined,not okay,2022,12
526,hidden,malappuram,hidden,hidden,google,pg,computer science,no_career_issue,it internship,data science,offline,morning,2022-11-15,sivaprasad,3,60000,2019,joined,not impressed,2022,11
527,hidden,kozhikode,hidden,hidden,social media,pg,electronics,no_career_issue,work experience,python,offline,morning,2022-01-13,monish,4,60000,2018,not joined,not impressed,2022,1
528,hidden,westhill,hidden,hidden,social media,ug,mechanical,non it background,work experience,data science,offline,afternoon,2022-05-12,faisal,1,60000,2022,not joined,not interested,2022,5
529,hidden,malappuram,hidden,hidden,google,ug,civil,non it background,work experience,ai,offline,afternoon,2022-06-26,lekha,1,12500,2021,not joined,high fee,2022,6
530,hidden,kondotty,hidden,hidden,social media,ug,mechanical,no_career_issue,work experience,python,hybrid,morning,2022-12-06,deepak,1,60000,2020,not joined,not okay,2022,12
531,hidden,farook,hidden,hidden,social media,ug,computer science,career gap,others,python,offline,afternoon,2022-08-11,monish,1,12500,2019,not joined,call not picking,2022,8
532,hidden,wayanad,hidden,hidden,social media,ug,electronics,non it background,others,web designing,offline,morning,2022-11-27,baiju,1,60000,2018,not joined,high fee,2022,11
533,hidden,tanur,hidden,hidden,social media,sslc,mechanical,backpapers,others,mern,offline,morning,2022-03-17,monish,3,60000,2018,not joined,not okay,2022,3
534,hidden,ramanattukara,hidden,hidden,google,ug,electronics,backpapers,short term course,python,offline,morning,2022-03-26,baiju,4,60000,2019,not joined,not impressed,2022,3
535,hidden,tanur,hidden,hidden,social media,ug,computer science,non it background,others,python,online,morning,2022-12-11,baiju,3,60000,2021,joined,not impressed,2022,12
536,hidden,palazhi,hidden,hidden,social media,diploma,mechanical,no_career_issue,job oriented course,data science,offline,morning,2022-10-09,monish,2,35000,2019,not joined,not impressed,2022,10
537,hidden,chevayur,hidden,hidden,reference,ug,commerce,no_career_issue,short term course,java,offline,afternoon,2022-02-23,baiju,1,60000,2022,not joined,joined other institude,2022,2
538,hidden,palakkad,hidden,hidden,others,ug,electronics,non it background,job oriented course,java,offline,afternoon,2022-04-23,lekha,1,60000,2018,not joined,call not picking,2022,4
539,hidden,ramanattukara,hidden,hidden,social media,pg,commerce,no_career_issue,it internship,mern,hybrid,weekend,2022-10-14,baiju,2,60000,2021,joined,not impressed,2022,10
540,hidden,kovoor,hidden,hidden,social media,ug,computer science,no_career_issue,short term course,data science,online,morning,2022-01-08,baiju,2,35000,2020,not joined,not interested,2022,1
541,hidden,ponnani,hidden,hidden,social media,ug,computer science,non it background,short term course,data science,offline,morning,2022-05-21,sandra,2,60000,2022,not joined,joined other institude,2022,5
542,hidden,nilambur,hidden,hidden,social media,ug,electronics,no_career_issue,short term course,flutter,offline,afternoon,2022-07-15,baiju,4,35000,2022,not joined,high fee,2022,7
543,hidden,kozhikode,hidden,hidden,social media,ug,mechanical,no_career_issue,it internship,python,hybrid,evening,2022-04-06,baiju,5,60000,2018,not joined,suspected,2022,4
544,hidden,ramanattukara,hidden,hidden,social media,ug,commerce,no_career_issue,short term course,python,online,morning,2022-04-26,baiju,2,35000,2021,not joined,not impressed,2022,4
545,hidden,chevayur,hidden,hidden,social media,ug,computer science,backpapers,work experience,mern,offline,afternoon,2022-08-25,sivaprasad,3,60000,2022,joined,not impressed,2022,8
546,hidden,kovoor,hidden,hidden,social media,pg,civil,non it background,work experience,python,offline,evening,2022-05-09,baiju,1,60000,2019,joined,not impressed,2022,5
547,hidden,palazhi,hidden,hidden,social media,ug,commerce,no_career_issue,job oriented course,flutter,offline,afternoon,2022-04-19,anupama,2,60000,2017,not joined,call not picking,2022,4
548,hidden,kozhikode,hidden,hidden,reference,ug,commerce,career gap,short term course,java,offline,morning,2022-02-22,rifna,1,35000,2019,not joined,suspected,2022,2
549,hidden,nadakkavu,hidden,hidden,social media,ug,mechanical,no_career_issue,it internship,mern,offline,morning,2022-02-23,baiju,1,60000,2022,joined,not impressed,2022,2
550,hidden,chevayur,hidden,hidden,social media,pg,civil,career gap,work experience,data science,offline,weekend,2022-05-26,baiju,1,60000,2017,not joined,call not picking,2022,5
551,hidden,trivandrum,hidden,hidden,social media,pg,civil,career gap,it internship,mern,offline,afternoon,2022-05-10,deepak,2,60000,2021,joined,not impressed,2022,5
552,hidden,nadakkavu,hidden,hidden,social media,ug,computer science,no_career_issue,work experience,java,offline,morning,2022-04-07,baiju,2,35000,2022,not joined,not impressed,2022,4
553,hidden,kozhikode,hidden,hidden,social media,ug,mechanical,no_career_issue,others,mern,online,morning,2022-10-04,baiju,3,60000,2022,not joined,joined other institude,2022,10
554,hidden,kozhikode,hidden,hidden,social media,ug,civil,no_career_issue,work experience,java,offline,evening,2022-04-26,baiju,2,60000,2020,joined,not impressed,2022,4
555,hidden,chevayur,hidden,hidden,social media,ug,mechanical,backpapers,short term course,data science,offline,morning,2022-10-20,baiju,1,35000,2017,not joined,not okay,2022,10
556,hidden,thrissur,hidden,hidden,social media,ug,mechanical,no_career_issue,others,web designing,online,morning,2022-05-18,baiju,3,60000,2019,not joined,not impressed,2022,5
557,hidden,kozhikode,hidden,hidden,social media,ug,other,no_career_issue,short term course,data science,online,morning,2022-01-09,sandra,3,60000,2019,not joined,joined other institude,2022,1
558,hidden,chevayur,hidden,hidden,social media,pg,commerce,no_career_issue,work experience,python,offline,morning,2022-11-03,anupama,2,35000,2021,not joined,not interested,2022,11
559,hidden,tirur,hidden,hidden,google,pg,civil,career gap,others,mern,hybrid,morning,2022-12-15,sivaprasad,3,60000,2020,not joined,not impressed,2022,12
560,hidden,koyilandy,hidden,hidden,social media,plus 2,mechanical,career gap,work experience,java,offline,evening,2022-06-21,lekha,1,60000,2017,joined,not impressed,2022,6
561,hidden,ernakulam,hidden,hidden,others,ug,other,career gap,short term course,java,offline,evening,2022-01-25,rifna,1,12500,2020,not joined,not okay,2022,1
562,hidden,malappuram,hidden,hidden,social media,ug,commerce,no_career_issue,work experience,mern,offline,afternoon,2022-09-03,lekha,1,60000,2020,not joined,not interested,2022,9
563,hidden,ponnani,hidden,hidden,reference,sslc,commerce,non it background,it internship,python,offline,morning,2022-07-19,baiju,3,35000,2022,not joined,joined other institude,2022,7
564,hidden,malappuram,hidden,hidden,social media,ug,civil,no_career_issue,short term course,mern,offline,morning,2022-11-14,baiju,2,12500,2020,not joined,not okay,2022,11
565,hidden,tirur,hidden,hidden,social media,ug,electronics,no_career_issue,work experience,java,offline,afternoon,2022-07-16,baiju,4,12500,2022,not joined,suspected,2022,7
566,hidden,kunnamangalam,hidden,hidden,social media,ug,commerce,career gap,work experience,python,online,morning,2022-04-24,baiju,2,60000,2022,joined,not impressed,2022,4
567,hidden,thrissur,hidden,hidden,reference,ug,commerce,no_career_issue,it internship,ai,online,morning,2022-05-01,lekha,1,60000,2021,not joined,not okay,2022,5
568,hidden,ernakulam,hidden,hidden,social media,ug,commerce,career gap,work experience,python,offline,morning,2022-07-14,baiju,1,60000,2021,not joined,high fee,2022,7
569,hidden,kozhikode,hidden,hidden,social media,ug,electronics,backpapers,short term course,data science,online,morning,2022-08-21,sivaprasad,1,60000,2020,joined,not impressed,2022,8
570,hidden,malappuram,hidden,hidden,social media,ug,electronics,no_career_issue,others,python,offline,weekend,2022-10-17,anupama,2,60000,2018,joined,not impressed,2022,10
571,hidden,kozhikode,hidden,hidden,google,ug,civil,backpapers,work experience,data science,online,afternoon,2022-08-06,baiju,1,60000,2018,not joined,suspected,2022,8
572,hidden,kondotty,hidden,hidden,reference,pg,mechanical,no_career_issue,it internship,mern,offline,afternoon,2022-11-19,deepak,1,35000,2019,not joined,call not picking,2022,11
573,hidden,vadakara,hidden,hidden,social media,pg,electronics,career gap,work experience,data science,offline,evening,2022-03-14,lekha,3,12500,2021,not joined,not impressed,2022,3
574,hidden,kunnamangalam,hidden,hidden,reference,ug,electronics,non it background,others,data science,offline,morning,2022-02-15,monish,3,35000,2021,not joined,joined other institude,2022,2
575,hidden,ponnani,hidden,hidden,social media,ug,mechanical,no_career_issue,job oriented course,python,online,morning,2022-05-09,baiju,1,35000,2019,not joined,suspected,2022,5
576,hidden,thrissur,hidden,hidden,social media,others,computer science,career gap,work experience,java,offline,morning,2022-04-17,faisal,2,60000,2021,not joined,call not picking,2022,4
577,hidden,kozhikode,hidden,hidden,social media,plus 2,other,no_career_issue,short term course,mern,online,morning,2022-06-03,sivaprasad,1,35000,2021,not joined,not impressed,2022,6
578,hidden,nilambur,hidden,hidden,social media,ug,other,no_career_issue,it internship,java,offline,morning,2022-02-14,rifna,3,60000,2017,not joined,not interested,2022,2
579,hidden,palazhi,hidden,hidden,social media,ug,civil,no_career_issue,work experience,data science,hybrid,afternoon,2022-06-22,faisal,1,35000,2021,not joined,not interested,2022,6
580,hidden,nadakkavu,hidden,hidden,social media,ug,mechanical,no_career_issue,work experience,java,offline,morning,2022-07-02,baiju,1,60000,2020,not joined,not okay,2022,7
581,hidden,kottayam,hidden,hidden,social media,ug,electronics,backpapers,job oriented course,python,offline,afternoon,2022-12-02,baiju,1,35000,2020,not joined,not okay,2022,12
582,hidden,chaliyam,hidden,hidden,google,ug,commerce,no_career_issue,short term course,others,offline,weekend,2022-02-16,baiju,2,60000,2019,joined,not impressed,2022,2
583,hidden,manjeri,hidden,hidden,google,ug,computer science,no_career_issue,work experience,python,offline,morning,2022-02-05,baiju,4,60000,2017,not joined,not interested,2022,2
584,hidden,westhill,hidden,hidden,social media,ug,commerce,backpapers,work experience,data science,hybrid,morning,2022-07-06,monish,1,60000,2017,not joined,not interested,2022,7
585,hidden,trivandrum,hidden,hidden,reference,pg,electronics,no_career_issue,short term course,java,online,afternoon,2022-12-25,baiju,2,60000,2019,not joined,joined other institude,2022,12
586,hidden,nadakkavu,hidden,hidden,social media,ug,commerce,no_career_issue,others,python,offline,morning,2022-06-08,baiju,2,12500,2017,not joined,not interested,2022,6
587,hidden,kozhikode,hidden,hidden,google,ug,other,non it background,short term course,web designing,hybrid,morning,2022-06-25,baiju,1,60000,2022,not joined,not impressed,2022,6
588,hidden,westhill,hidden,hidden,others,others,civil,no_career_issue,it internship,python,offline,morning,2022-04-20,anupama,1,60000,2021,not joined,joined other institude,2022,4
589,hidden,chevayur,hidden,hidden,social media,pg,mechanical,no_career_issue,others,data science,offline,morning,2022-04-14,sandra,1,60000,2018,joined,not impressed,2022,4
590,hidden,wayanad,hidden,hidden,social media,ug,mechanical,career gap,job oriented course,python,offline,evening,2022-01-06,baiju,2,60000,2022,not joined,not interested,2022,1
591,hidden,kozhikode,hidden,hidden,reference,diploma,commerce,no_career_issue,short term course,data science,online,afternoon,2022-10-08,baiju,2,35000,2021,not joined,high fee,2022,10
592,hidden,koyilandy,hidden,hidden,social media,pg,civil,career gap,it internship,data science,offline,afternoon,2022-12-23,baiju,3,60000,2021,not joined,not impressed,2022,12
593,hidden,pantheerankavu,hidden,hidden,others,ug,computer science,no_career_issue,short term course,data science,hybrid,afternoon,2022-10-09,baiju,1,60000,2022,not joined,not impressed,2022,10
594,hidden,kottayam,hidden,hidden,social media,ug,electronics,no_career_issue,work experience,java,hybrid,afternoon,2022-08-12,baiju,2,60000,2019,joined,not impressed,2022,8
595,hidden,tanur,hidden,hidden,social media,pg,civil,backpapers,job oriented course,python,offline,morning,2022-08-18,baiju,1,60000,2018,not joined,call not picking,2022,8
596,hidden,chevayur,hidden,hidden,social media,ug,computer science,no_career_issue,short term course,mern,offline,evening,2022-05-16,baiju,2,60000,2017,joined,not impressed,2022,5
597,hidden,nilambur,hidden,hidden,social media,ug,commerce,no_career_issue,job oriented course,data science,online,afternoon,2022-12-21,rifna,2,60000,2018,joined,not impressed,2022,12
598,hidden,koyilandy,hidden,hidden,social media,ug,computer science,career gap,short term course,mern,offline,afternoon,2022-04-24,baiju,2,60000,2022,not joined,suspected,2022,4
599,hidden,palakkad,hidden,hidden,social media,ug,civil,no_career_issue,job oriented course,python,offline,morning,2022-07-06,lekha,1,60000,2017,not joined,joined other institude,2022,7
600,hidden,koyilandy,hidden,hidden,social media,ug,commerce,non it background,others,python,offline,morning,2023-12-25,lekha,1,60000,2022,not joined,not impressed,2023,12
601,hidden,westhill,hidden,hidden,social media,others,commerce,no_career_issue,job oriented course,web designing,online,evening,2023-07-05,anupama,1,60000,2018,not joined,not interested,2023,7
602,hidden,westhill,hidden,hidden,reference,pg,civil,career gap,short term course,python,online,evening,2023-04-20,sivaprasad,2,35000,2023,not joined,suspected,2023,4
603,hidden,malappuram,hidden,hidden,google,pg,electronics,no_career_issue,short term course,web designing,online,morning,2023-10-17,anupama,1,12500,2021,not joined,not impressed,2023,10
604,hidden,chevayur,hidden,hidden,social media,ug,commerce,no_career_issue,it internship,python,offline,morning,2023-11-06,baiju,1,12500,2020,not joined,high fee,2023,11
605,hidden,palazhi,hidden,hidden,reference,ug,electronics,no_career_issue,job oriented course,flutter,offline,evening,2023-01-23,baiju,1,12500,2021,not joined,joined other institude,2023,1
606,hidden,farook,hidden,hidden,social media,ug,other,non it background,job oriented course,testing,offline,morning,2023-07-20,baiju,1,60000,2023,not joined,joined other institude,2023,7
607,hidden,chaliyam,hidden,hidden,others,ug,mechanical,non it background,it internship,mern,hybrid,evening,2023-06-26,baiju,2,60000,2021,not joined,not okay,2023,6
608,hidden,kozhikode,hidden,hidden,social media,ug,commerce,career gap,work experience,mern,offline,evening,2023-04-12,sandra,3,60000,2018,not joined,not impressed,2023,4
609,hidden,tirur,hidden,hidden,social media,plus 2,computer science,no_career_issue,others,java,offline,morning,2023-06-18,baiju,1,60000,2022,not joined,call not picking,2023,6
610,hidden,chaliyam,hidden,hidden,reference,ug,commerce,no_career_issue,job oriented course,ai,online,morning,2023-12-23,sivaprasad,1,60000,2021,not joined,not okay,2023,12
611,hidden,kondotty,hidden,hidden,google,sslc,electronics,no_career_issue,others,mern,online,weekend,2023-01-27,baiju,5,60000,2020,not joined,joined other institude,2023,1
612,hidden,farook,hidden,hidden,reference,pg,mechanical,non it background,it internship,java,offline,evening,2023-12-17,baiju,5,60000,2019,not joined,not impressed,2023,12
613,hidden,kunnamangalam,hidden,hidden,social media,ug,civil,non it background,it internship,python,online,evening,2023-03-06,rifna,1,60000,2022,joined,not impressed,2023,3
614,hidden,nadakkavu,hidden,hidden,google,ug,other,non it background,it internship,web designing,hybrid,weekend,2023-07-17,baiju,1,35000,2023,not joined,not impressed,2023,7
615,hidden,nadakkavu,hidden,hidden,social media,ug,commerce,backpapers,others,python,offline,morning,2023-10-17,baiju,2,60000,2019,joined,not impressed,2023,10
616,hidden,kozhikode,hidden,hidden,social media,pg,electronics,no_career_issue,short term course,java,offline,morning,2023-12-13,lekha,2,12500,2023,not joined,call not picking,2023,12
617,hidden,manjeri,hidden,hidden,social media,pg,civil,no_career_issue,work experience,data science,online,afternoon,2023-11-04,faisal,5,12500,2020,not joined,suspected,2023,11
618,hidden,malappuram,hidden,hidden,social media,others,electronics,no_career_issue,work experience,mern,offline,evening,2023-05-24,sivaprasad,2,60000,2020,joined,not impressed,2023,5
619,hidden,kozhikode,hidden,hidden,social media,plus 2,commerce,non it background,work experience,python,online,morning,2023-05-09,baiju,1,12500,2023,not joined,suspected,2023,5
620,hidden,tanur,hidden,hidden,social media,ug,civil,career gap,work experience,python,online,morning,2023-03-14,baiju,3,35000,2021,not joined,high fee,2023,3
621,hidden,nadakkavu,hidden,hidden,reference,ug,mechanical,career gap,it internship,python,offline,morning,2023-10-06,baiju,1,60000,2019,joined,not impressed,2023,10
622,hidden,chevayur,hidden,hidden,reference,ug,electronics,career gap,it internship,python,offline,morning,2023-09-16,deepak,2,12500,2019,not joined,call not picking,2023,9
623,hidden,malappuram,hidden,hidden,google,others,civil,career gap,job oriented course,data science,offline,afternoon,2023-07-12,rifna,1,60000,2021,not joined,not interested,2023,7
624,hidden,palakkad,hidden,hidden,google,plus 2,mechanical,no_career_issue,it internship,mern,offline,morning,2023-10-21,monish,2,60000,2019,joined,not impressed,2023,10
625,hidden,thrissur,hidden,hidden,social media,ug,electronics,no_career_issue,job oriented course,testing,offline,morning,2023-02-24,deepak,3,12500,2023,not joined,not okay,2023,2
626,hidden,farook,hidden,hidden,social media,ug,civil,career gap,others,data science,online,morning,2023-10-11,monish,4,60000,2020,not joined,joined other institude,2023,10
627,hidden,chevayur,hidden,hidden,social media,ug,commerce,no_career_issue,it internship,python,online,afternoon,2023-07-01,anupama,1,60000,2019,not joined,suspected,2023,7
628,hidden,westhill,hidden,hidden,social media,ug,mechanical,non it background,job oriented course,data science,online,morning,2023-07-21,baiju,4,60000,2019,joined,not impressed,2023,7
629,hidden,koyilandy,hidden,hidden,social media,ug,commerce,no_career_issue,it internship,data science,offline,weekend,2023-08-27,lekha,2,35000,2022,not joined,not impressed,2023,8
630,hidden,kannur,hidden,hidden,social media,ug,commerce,career gap,short term course,mern,offline,afternoon,2023-09-25,baiju,2,35000,2019,not joined,call not picking,2023,9
631,hidden,kozhikode,hidden,hidden,google,ug,other,career gap,it internship,python,offline,weekend,2023-04-21,rifna,3,12500,2023,not joined,not impressed,2023,4
632,hidden,pantheerankavu,hidden,hidden,social media,pg,civil,no_career_issue,others,java,offline,evening,2023-04-02,lekha,1,60000,2018,joined,not impressed,2023,4
633,hidden,nadakkavu,hidden,hidden,reference,ug,other,no_career_issue,job oriented course,data science,offline,morning,2023-12-16,baiju,2,60000,2019,not joined,not impressed,2023,12
634,hidden,wayanad,hidden,hidden,social media,ug,electronics,no_career_issue,job oriented course,mern,hybrid,afternoon,2023-10-08,baiju,2,60000,2022,joined,not impressed,2023,10
635,hidden,trivandrum,hidden,hidden,social media,pg,electronics,no_career_issue,others,mern,offline,afternoon,2023-06-26,faisal,1,60000,2022,not joined,not okay,2023,6
636,hidden,kovoor,hidden,hidden,reference,ug,computer science,non it background,work experience,python,offline,morning,2023-04-13,baiju,2,60000,2021,not joined,not okay,2023,4
637,hidden,pantheerankavu,hidden,hidden,google,ug,commerce,no_career_issue,others,data science,offline,morning,2023-04-27,deepak,2,60000,2023,not joined,joined other institude,2023,4
638,hidden,beypore,hidden,hidden,google,ug,computer science,career gap,work experience,python,online,morning,2023-07-12,baiju,1,60000,2022,joined,not impressed,2023,7
639,hidden,nadakkavu,hidden,hidden,social media,ug,electronics,no_career_issue,others,mern,online,morning,2023-12-27,baiju,1,35000,2018,not joined,suspected,2023,12
640,hidden,kozhikode,hidden,hidden,google,ug,electronics,no_career_issue,job oriented course,python,offline,morning,2023-08-09,sivaprasad,3,12500,2018,not joined,suspected,2023,8
641,hidden,nadakkavu,hidden,hidden,google,ug,mechanical,career gap,others,flutter,hybrid,afternoon,2023-05-02,baiju,2,60000,2019,not joined,call not picking,2023,5
642,hidden,trivandrum,hidden,hidden,social media,ug,mechanical,no_career_issue,short term course,mern,offline,evening,2023-11-01,sandra,1,35000,2022,not joined,high fee,2023,11
643,hidden,nilambur,hidden,hidden,others,ug,other,no_career_issue,others,mern,offline,evening,2023-01-13,baiju,1,35000,2019,not joined,not impressed,2023,1
644,hidden,tanur,hidden,hidden,google,others,other,no_career_issue,others,mern,hybrid,morning,2023-04-13,baiju,1,60000,2022,not joined,not impressed,2023,4
645,hidden,palakkad,hidden,hidden,reference,ug,mechanical,non it background,short term course,mern,offline,morning,2023-02-01,sandra,1,35000,2023,not joined,high fee,2023,2
646,hidden,kozhikode,hidden,hidden,reference,ug,commerce,backpapers,job oriented course,python,hybrid,morning,2023-12-08,baiju,1,60000,2018,not joined,joined other institude,2023,12
647,hidden,palazhi,hidden,hidden,reference,ug,civil,no_career_issue,it internship,python,offline,morning,2023-06-02,anupama,2,60000,2019,joined,not impressed,2023,6
648,hidden,trivandrum,hidden,hidden,google,ug,commerce,no_career_issue,it internship,data science,offline,morning,2023-12-03,monish,3,60000,2022,not joined,suspected,2023,12
649,hidden,kottayam,hidden,hidden,social media,ug,commerce,career gap,job oriented course,mern,online,morning,2023-03-21,faisal,1,60000,2019,not joined,joined other institude,2023,3
650,hidden,palakkad,hidden,hidden,social media,ug,civil,no_career_issue,others,python,hybrid,afternoon,2023-04-01,baiju,1,35000,2022,not joined,not interested,2023,4
651,hidden,westhill,hidden,hidden,social media,ug,mechanical,no_career_issue,job oriented course,python,online,morning,2023-10-14,baiju,2,12500,2020,not joined,not interested,2023,10
652,hidden,ramanattukara,hidden,hidden,social media,pg,civil,no_career_issue,others,web designing,hybrid,morning,2023-07-12,baiju,1,60000,2021,joined,not impressed,2023,7
653,hidden,tirur,hidden,hidden,google,pg,civil,career gap,work experience,data science,offline,morning,2023-11-05,lekha,2,35000,2019,not joined,high fee,2023,11
654,hidden,nilambur,hidden,hidden,social media,ug,commerce,non it background,work experience,python,offline,morning,2023-07-09,deepak,1,60000,2018,not joined,suspected,2023,7
655,hidden,kannur,hidden,hidden,social media,pg,other,non it background,work experience,mern,hybrid,morning,2023-12-09,baiju,2,60000,2019,joined,not impressed,2023,12
656,hidden,kunnamangalam,hidden,hidden,social media,ug,computer science,career gap,others,python,offline,afternoon,2023-12-21,rifna,1,12500,2018,not joined,call not picking,2023,12
657,hidden,kondotty,hidden,hidden,reference,pg,electronics,career gap,work experience,ai,online,morning,2023-07-13,baiju,2,60000,2019,not joined,suspected,2023,7
658,hidden,kozhikode,hidden,hidden,social media,pg,mechanical,no_career_issue,work experience,python,hybrid,evening,2023-07-04,baiju,2,35000,2022,not joined,joined other institude,2023,7
659,hidden,kondotty,hidden,hidden,reference,ug,electronics,no_career_issue,it internship,data science,offline,weekend,2023-06-15,baiju,6,12500,2023,not joined,not impressed,2023,6
660,hidden,kozhikode,hidden,hidden,social media,others,other,no_career_issue,others,data science,online,evening,2023-04-22,baiju,2,12500,2021,not joined,not okay,2023,4
661,hidden,pantheerankavu,hidden,hidden,others,ug,other,no_career_issue,others,python,offline,morning,2023-06-12,anupama,2,60000,2018,not joined,not impressed,2023,6
662,hidden,nadakkavu,hidden,hidden,reference,ug,computer science,no_career_issue,job oriented course,python,offline,morning,2023-04-13,sandra,2,60000,2019,not joined,high fee,2023,4
663,hidden,kannur,hidden,hidden,social media,ug,civil,no_career_issue,job oriented course,java,online,evening,2023-12-08,deepak,2,35000,2018,not joined,not impressed,2023,12
664,hidden,kozhikode,hidden,hidden,google,ug,other,no_career_issue,it internship,python,offline,morning,2023-06-14,baiju,4,12500,2020,not joined,high fee,2023,6
665,hidden,nilambur,hidden,hidden,social media,ug,civil,backpapers,it internship,data science,offline,morning,2023-12-22,baiju,6,60000,2021,not joined,not interested,2023,12
666,hidden,kozhikode,hidden,hidden,social media,ug,other,career gap,others,data science,offline,morning,2023-12-18,lekha,1,12500,2022,not joined,not interested,2023,12
667,hidden,pantheerankavu,hidden,hidden,social media,ug,mechanical,no_career_issue,short term course,mern,offline,evening,2023-06-02,lekha,3,60000,2019,not joined,call not picking,2023,6
668,hidden,kondotty,hidden,hidden,google,pg,mechanical,non it background,others,mern,offline,evening,2023-11-24,deepak,3,60000,2019,not joined,suspected,2023,11
669,hidden,kozhikode,hidden,hidden,google,pg,other,backpapers,work experience,data science,offline,morning,2023-05-23,monish,1,12500,2020,not joined,high fee,2023,5
670,hidden,kozhikode,hidden,hidden,others,ug,mechanical,no_career_issue,others,python,offline,morning,2023-06-06,baiju,2,60000,2023,not joined,call not picking,2023,6
671,hidden,tirur,hidden,hidden,others,plus 2,other,no_career_issue,work experience,data science,offline,afternoon,2023-05-04,baiju,5,60000,2020,not joined,not okay,2023,5
672,hidden,kozhikode,hidden,hidden,reference,ug,electronics,career gap,it internship,mern,offline,afternoon,2023-01-02,deepak,5,35000,2022,not joined,call not picking,2023,1
673,hidden,tanur,hidden,hidden,social media,ug,mechanical,career gap,work experience,data science,offline,morning,2023-11-06,sandra,6,60000,2021,not joined,suspected,2023,11
674,hidden,kozhikode,hidden,hidden,social media,ug,other,career gap,it internship,mern,online,morning,2023-05-24,rifna,2,60000,2023,not joined,not interested,2023,5
675,hidden,trivandrum,hidden,hidden,social media,ug,other,no_career_issue,work experience,python,offline,morning,2023-06-15,baiju,6,60000,2018,not joined,not interested,2023,6
676,hidden,kunnamangalam,hidden,hidden,social media,diploma,electronics,non it background,it internship,data science,offline,morning,2023-06-14,sivaprasad,6,60000,2019,not joined,not okay,2023,6
677,hidden,farook,hidden,hidden,google,ug,computer science,no_career_issue,short term course,python,offline,afternoon,2023-04-17,baiju,1,35000,2020,not joined,high fee,2023,4
678,hidden,nadakkavu,hidden,hidden,reference,plus 2,commerce,no_career_issue,short term course,python,offline,weekend,2023-06-14,monish,1,60000,2019,not joined,high fee,2023,6
679,hidden,westhill,hidden,hidden,social media,ug,computer science,no_career_issue,short term course,data science,hybrid,afternoon,2023-07-07,baiju,1,60000,2022,joined,not impressed,2023,7
680,hidden,chevayur,hidden,hidden,social media,ug,mechanical,career gap,it internship,java,offline,morning,2023-12-12,sivaprasad,2,60000,2021,not joined,not impressed,2023,12
681,hidden,vadakara,hidden,hidden,others,ug,mechanical,no_career_issue,work experience,python,online,morning,2023-05-03,baiju,4,60000,2020,not joined,call not picking,2023,5
682,hidden,koyilandy,hidden,hidden,google,pg,commerce,career gap,job oriented course,data science,offline,morning,2023-04-15,baiju,2,60000,2020,not joined,not okay,2023,4
683,hidden,westhill,hidden,hidden,social media,ug,mechanical,backpapers,others,ai,online,evening,2023-03-09,baiju,1,60000,2020,not joined,not interested,2023,3
684,hidden,westhill,hidden,hidden,reference,ug,civil,career gap,it internship,mern,offline,afternoon,2023-06-20,faisal,3,60000,2022,not joined,not interested,2023,6
685,hidden,nadakkavu,hidden,hidden,social media,pg,other,career gap,job oriented course,data science,online,morning,2023-02-23,baiju,2,35000,2020,not joined,not okay,2023,2
686,hidden,kozhikode,hidden,hidden,social media,ug,computer science,no_career_issue,short term course,python,offline,morning,2023-10-13,sandra,2,12500,2019,not joined,not impressed,2023,10
687,hidden,kovoor,hidden,hidden,social media,ug,mechanical,backpapers,it internship,python,offline,afternoon,2023-11-02,faisal,1,60000,2021,joined,not impressed,2023,11
688,hidden,nilambur,hidden,hidden,others,ug,civil,no_career_issue,job oriented course,mern,hybrid,afternoon,2023-06-13,sandra,2,60000,2021,not joined,joined other institude,2023,6
689,hidden,chevayur,hidden,hidden,social media,ug,computer science,non it background,it internship,python,offline,morning,2023-01-21,baiju,2,12500,2020,not joined,not okay,2023,1
690,hidden,chevayur,hidden,hidden,others,others,computer science,no_career_issue,work experience,java,offline,morning,2023-05-12,baiju,2,60000,2019,joined,not impressed,2023,5
691,hidden,nadakkavu,hidden,hidden,social media,ug,civil,no_career_issue,others,data science,offline,morning,2023-01-13,baiju,2,60000,2022,joined,not impressed,2023,1
692,hidden,kunnamangalam,hidden,hidden,reference,sslc,mechanical,no_career_issue,it internship,mern,hybrid,evening,2023-04-14,anupama,1,60000,2021,not joined,not okay,2023,4
693,hidden,chevayur,hidden,hidden,others,ug,other,no_career_issue,it internship,data science,hybrid,morning,2023-12-12,sivaprasad,5,60000,2019,not joined,not interested,2023,12
694,hidden,trivandrum,hidden,hidden,social media,ug,other,career gap,short term course,data science,offline,morning,2023-04-14,sandra,1,60000,2023,joined,not impressed,2023,4
695,hidden,chevayur,hidden,hidden,others,ug,computer science,career gap,short term course,others,offline,morning,2023-10-14,sivaprasad,3,60000,2018,not joined,suspected,2023,10
696,hidden,chevayur,hidden,hidden,social media,pg,civil,no_career_issue,short term course,data science,offline,morning,2023-04-09,lekha,2,60000,2019,not joined,joined other institude,2023,4
697,hidden,chaliyam,hidden,hidden,social media,ug,electronics,career gap,work experience,python,offline,morning,2023-05-08,baiju,2,60000,2018,not joined,not okay,2023,5
698,hidden,nadakkavu,hidden,hidden,social media,pg,mechanical,no_career_issue,short term course,data science,offline,morning,2023-12-01,rifna,1,60000,2023,not joined,not impressed,2023,12
699,hidden,chevayur,hidden,hidden,social media,ug,computer science,career gap,others,ai,offline,morning,2023-11-18,sivaprasad,2,35000,2019,not joined,high fee,2023,11
700,hidden,nadakkavu,hidden,hidden,reference,ug,other,no_career_issue,it internship,python,online,morning,2023-05-24,faisal,1,35000,2023,not joined,not impressed,2023,5
701,hidden,farook,hidden,hidden,google,ug,computer science,no_career_issue,work experience,mern,offline,morning,2023-07-13,lekha,2,60000,2019,joined,not impressed,2023,7
702,hidden,kozhikode,hidden,hidden,reference,ug,computer science,no_career_issue,work experience,mern,offline,morning,2023-11-25,monish,3,35000,2023,not joined,call not picking,2023,11
703,hidden,trivandrum,hidden,hidden,google,ug,commerce,no_career_issue,short term course,data science,online,morning,2023-01-10,sivaprasad,2,60000,2020,not joined,high fee,2023,1
704,hidden,farook,hidden,hidden,social media,others,civil,no_career_issue,others,data science,offline,morning,2023-01-25,anupama,1,60000,2018,joined,not impressed,2023,1
705,hidden,wayanad,hidden,hidden,google,plus 2,mechanical,backpapers,work experience,flutter,offline,morning,2023-05-05,sandra,2,12500,2022,not joined,high fee,2023,5
706,hidden,palakkad,hidden,hidden,social media,ug,other,no_career_issue,it internship,python,offline,afternoon,2023-09-06,lekha,3,60000,2021,joined,not impressed,2023,9
707,hidden,kunnamangalam,hidden,hidden,social media,pg,other,no_career_issue,short term course,mern,offline,afternoon,2023-05-26,baiju,1,60000,2023,joined,not impressed,2023,5
708,hidden,kozhikode,hidden,hidden,social media,ug,other,career gap,it internship,data science,hybrid,morning,2023-05-18,faisal,2,60000,2023,not joined,suspected,2023,5
709,hidden,nadakkavu,hidden,hidden,social media,pg,electronics,no_career_issue,short term course,python,offline,weekend,2023-05-21,baiju,2,60000,2021,not joined,call not picking,2023,5
710,hidden,kozhikode,hidden,hidden,reference,diploma,commerce,career gap,it internship,flutter,online,afternoon,2023-04-15,rifna,1,60000,2022,not joined,joined other institude,2023,4
711,hidden,chevayur,hidden,hidden,social media,ug,other,no_career_issue,others,flutter,offline,weekend,2023-08-13,rifna,3,60000,2018,joined,not impressed,2023,8
712,hidden,westhill,hidden,hidden,social media,ug,electronics,no_career_issue,job oriented course,mern,online,morning,2023-11-18,sivaprasad,2,60000,2022,not joined,not impressed,2023,11
713,hidden,kottayam,hidden,hidden,reference,plus 2,commerce,career gap,others,mern,offline,afternoon,2023-11-25,baiju,2,60000,2018,not joined,joined other institude,2023,11
714,hidden,trivandrum,hidden,hidden,others,ug,civil,career gap,short term course,mern,offline,morning,2023-05-07,anupama,2,12500,2022,not joined,high fee,2023,5
715,hidden,medical college,hidden,hidden,social media,ug,other,no_career_issue,it internship,python,offline,morning,2023-07-09,baiju,3,60000,2021,not joined,not interested,2023,7
716,hidden,kozhikode,hidden,hidden,social media,ug,computer science,no_career_issue,job oriented course,mern,offline,evening,2023-04-25,baiju,2,60000,2019,joined,not impressed,2023,4
717,hidden,vadakara,hidden,hidden,others,sslc,electronics,non it background,it internship,python,offline,morning,2023-04-16,baiju,1,60000,2023,joined,not impressed,2023,4
718,hidden,kannur,hidden,hidden,social media,pg,commerce,non it background,job oriented course,java,offline,morning,2023-07-02,baiju,1,12500,2019,not joined,high fee,2023,7
719,hidden,vadakara,hidden,hidden,reference,ug,electronics,non it background,it internship,python,online,morning,2023-02-20,lekha,3,60000,2018,not joined,call not picking,2023,2
720,hidden,kozhikode,hidden,hidden,social media,ug,commerce,non it background,job oriented course,java,offline,afternoon,2023-10-11,baiju,3,60000,2018,joined,not impressed,2023,10
721,hidden,manjeri,hidden,hidden,google,pg,computer science,non it background,job oriented course,python,online,morning,2023-04-10,monish,1,60000,2022,not joined,call not picking,2023,4
722,hidden,kozhikode,hidden,hidden,social media,ug,computer science,no_career_issue,others,mern,offline,morning,2023-07-01,baiju,1,60000,2022,not joined,not interested,2023,7
723,hidden,nadakkavu,hidden,hidden,social media,pg,mechanical,no_career_issue,short term course,flutter,hybrid,afternoon,2023-12-03,baiju,1,60000,2020,joined,not impressed,2023,12
724,hidden,kunnamangalam,hidden,hidden,social media,others,computer science,career gap,others,java,offline,weekend,2023-04-26,deepak,1,35000,2021,not joined,high fee,2023,4
725,hidden,tirur,hidden,hidden,social media,pg,other,backpapers,work experience,python,online,evening,2023-10-11,monish,1,60000,2021,not joined,joined other institude,2023,10
726,hidden,kozhikode,hidden,hidden,social media,pg,civil,no_career_issue,others,python,offline,afternoon,2023-08-25,lekha,1,60000,2023,not joined,not impressed,2023,8
727,hidden,malappuram,hidden,hidden,others,ug,other,no_career_issue,job oriented course,data science,offline,evening,2023-01-08,sivaprasad,4,12500,2022,not joined,not impressed,2023,1
728,hidden,trivandrum,hidden,hidden,google,pg,computer science,no_career_issue,it internship,mern,hybrid,morning,2023-09-04,baiju,2,60000,2019,not joined,joined other institude,2023,9
729,hidden,nadakkavu,hidden,hidden,social media,ug,commerce,non it background,work experience,python,hybrid,morning,2023-12-07,baiju,1,60000,2020,not joined,not interested,2023,12
730,hidden,trivandrum,hidden,hidden,social media,pg,other,career gap,work experience,mern,online,morning,2023-07-01,baiju,1,12500,2018,not joined,suspected,2023,7
731,hidden,thrissur,hidden,hidden,social media,ug,computer science,no_career_issue,others,java,offline,morning,2023-07-23,rifna,1,60000,2019,not joined,suspected,2023,7
732,hidden,kozhikode,hidden,hidden,google,ug,mechanical,career gap,job oriented course,python,offline,morning,2023-02-07,baiju,5,60000,2018,joined,not impressed,2023,2
733,hidden,chevayur,hidden,hidden,social media,others,civil,no_career_issue,others,data science,hybrid,morning,2023-11-20,baiju,1,35000,2019,not joined,suspected,2023,11
734,hidden,chevayur,hidden,hidden,social media,sslc,electronics,no_career_issue,it internship,python,offline,weekend,2023-08-18,faisal,1,60000,2019,not joined,not interested,2023,8
735,hidden,kondotty,hidden,hidden,social media,ug,mechanical,backpapers,short term course,python,offline,weekend,2023-05-05,baiju,2,60000,2019,not joined,high fee,2023,5
736,hidden,pantheerankavu,hidden,hidden,reference,ug,electronics,no_career_issue,short term course,python,offline,morning,2023-05-14,lekha,1,60000,2021,not joined,call not picking,2023,5
737,hidden,tirur,hidden,hidden,google,ug,commerce,career gap,short term course,mern,offline,morning,2023-05-15,anupama,1,60000,2023,not joined,suspected,2023,5
738,hidden,palazhi,hidden,hidden,social media,ug,mechanical,backpapers,short term course,python,hybrid,morning,2023-02-26,faisal,1,60000,2018,not joined,not interested,2023,2
739,hidden,kozhikode,hidden,hidden,social media,pg,commerce,no_career_issue,it internship,python,offline,evening,2023-01-04,lekha,5,60000,2021,not joined,not interested,2023,1
740,hidden,kovoor,hidden,hidden,social media,pg,mechanical,no_career_issue,it internship,python,offline,morning,2023-12-10,baiju,1,60000,2022,joined,not impressed,2023,12
741,hidden,ernakulam,hidden,hidden,social media,ug,civil,no_career_issue,it internship,java,offline,weekend,2023-11-16,lekha,1,12500,2018,not joined,not impressed,2023,11
742,hidden,beypore,hidden,hidden,social media,sslc,mechanical,no_career_issue,short term course,python,offline,evening,2023-06-27,baiju,1,12500,2023,not joined,call not picking,2023,6
743,hidden,tanur,hidden,hidden,google,ug,computer science,no_career_issue,it internship,data science,offline,morning,2023-06-21,anupama,5,60000,2022,not joined,high fee,2023,6
744,hidden,koyilandy,hidden,hidden,reference,ug,other,no_career_issue,others,java,offline,morning,2023-12-16,rifna,2,60000,2019,joined,not impressed,2023,12
745,hidden,pantheerankavu,hidden,hidden,others,pg,civil,no_career_issue,short term course,web designing,offline,afternoon,2023-12-12,baiju,4,60000,2018,not joined,call not picking,2023,12
746,hidden,ramanattukara,hidden,hidden,social media,ug,other,backpapers,short term course,mern,offline,afternoon,2023-06-01,baiju,3,12500,2021,not joined,call not picking,2023,6
747,hidden,palazhi,hidden,hidden,social media,ug,other,non it background,it internship,python,online,morning,2023-02-23,baiju,3,60000,2022,joined,not impressed,2023,2
748,hidden,ponnani,hidden,hidden,social media,ug,other,non it background,job oriented course,mern,offline,morning,2023-04-13,baiju,2,12500,2018,not joined,not okay,2023,4
749,hidden,manjeri,hidden,hidden,social media,ug,civil,no_career_issue,work experience,python,online,afternoon,2023-08-10,baiju,1,35000,2023,not joined,joined other institude,2023,8
750,hidden,palakkad,hidden,hidden,social media,ug,computer science,no_career_issue,short term course,data science,online,morning,2023-07-26,sivaprasad,2,60000,2018,not joined,high fee,2023,7
751,hidden,ramanattukara,hidden,hidden,social media,ug,other,no_career_issue,short term course,python,offline,evening,2023-01-06,baiju,1,12500,2019,not joined,high fee,2023,1
752,hidden,kozhikode,hidden,hidden,social media,pg,other,no_career_issue,work experience,python,online,morning,2023-02-18,baiju,2,60000,2022,not joined,suspected,2023,2
753,hidden,farook,hidden,hidden,reference,ug,other,backpapers,short term course,mern,online,morning,2023-06-11,baiju,5,60000,2020,joined,not impressed,2023,6
754,hidden,ponnani,hidden,hidden,social media,ug,other,career gap,it internship,mern,hybrid,morning,2023-11-17,baiju,1,60000,2023,not joined,not okay,2023,11
755,hidden,westhill,hidden,hidden,social media,ug,civil,no_career_issue,short term course,data science,offline,weekend,2023-04-13,baiju,1,35000,2023,not joined,joined other institude,2023,4
756,hidden,vadakara,hidden,hidden,google,ug,mechanical,backpapers,job oriented course,python,online,morning,2023-04-20,faisal,2,35000,2019,not joined,not okay,2023,4
757,hidden,kozhikode,hidden,hidden,reference,ug,electronics,no_career_issue,short term course,mern,offline,morning,2023-05-09,baiju,5,12500,2023,not joined,not impressed,2023,5
758,hidden,malappuram,hidden,hidden,social media,pg,mechanical,non it background,short term course,mern,offline,weekend,2023-09-05,rifna,2,35000,2022,not joined,call not picking,2023,9
759,hidden,kozhikode,hidden,hidden,reference,ug,other,non it background,others,ai,offline,afternoon,2023-05-23,sivaprasad,1,60000,2020,not joined,suspected,2023,5
760,hidden,chevayur,hidden,hidden,others,ug,computer science,no_career_issue,short term course,python,offline,weekend,2023-11-12,baiju,1,35000,2020,not joined,suspected,2023,11
761,hidden,ramanattukara,hidden,hidden,social media,ug,mechanical,non it background,job oriented course,python,offline,evening,2023-03-15,deepak,1,60000,2018,not joined,not impressed,2023,3
762,hidden,nadakkavu,hidden,hidden,reference,ug,electronics,no_career_issue,work experience,mern,offline,morning,2023-04-16,baiju,3,60000,2019,joined,not impressed,2023,4
763,hidden,kondotty,hidden,hidden,social media,pg,mechanical,no_career_issue,short term course,mern,offline,morning,2023-09-01,rifna,1,60000,2019,joined,not impressed,2023,9
764,hidden,vadakara,hidden,hidden,social media,ug,computer science,no_career_issue,short term course,java,online,morning,2023-05-13,faisal,3,35000,2019,not joined,not interested,2023,5
765,hidden,kunnamangalam,hidden,hidden,social media,pg,commerce,career gap,short term course,mern,online,morning,2023-10-01,deepak,2,60000,2019,joined,not impressed,2023,10
766,hidden,palazhi,hidden,hidden,social media,ug,electronics,career gap,others,mern,hybrid,afternoon,2023-07-04,sivaprasad,5,60000,2021,joined,not impressed,2023,7
767,hidden,beypore,hidden,hidden,social media,ug,other,career gap,work experience,flutter,offline,morning,2023-02-22,lekha,1,60000,2018,not joined,not impressed,2023,2
768,hidden,westhill,hidden,hidden,social media,ug,computer science,no_career_issue,short term course,mern,offline,morning,2023-08-20,deepak,2,35000,2019,not joined,high fee,2023,8
769,hidden,kozhikode,hidden,hidden,others,ug,mechanical,no_career_issue,others,testing,online,afternoon,2023-01-03,baiju,1,35000,2022,not joined,suspected,2023,1
770,hidden,chevayur,hidden,hidden,social media,others,civil,non it background,others,python,offline,evening,2023-12-02,anupama,2,12500,2018,not joined,joined other institude,2023,12
771,hidden,ernakulam,hidden,hidden,social media,ug,other,no_career_issue,job oriented course,flutter,offline,morning,2023-12-01,baiju,1,60000,2023,not joined,not okay,2023,12
772,hidden,chevayur,hidden,hidden,social media,pg,computer science,no_career_issue,others,mern,hybrid,evening,2023-09-03,baiju,1,35000,2018,not joined,call not picking,2023,9
773,hidden,ramanattukara,hidden,hidden,social media,ug,mechanical,backpapers,job oriented course,mern,online,morning,2023-02-08,sivaprasad,1,12500,2021,not joined,call not picking,2023,2
774,hidden,nilambur,hidden,hidden,google,pg,computer science,non it background,it internship,data science,hybrid,evening,2023-07-05,baiju,3,60000,2020,not joined,not impressed,2023,7
775,hidden,kozhikode,hidden,hidden,social media,ug,civil,non it background,it internship,python,offline,evening,2023-06-04,baiju,2,60000,2021,not joined,high fee,2023,6
776,hidden,vadakara,hidden,hidden,reference,diploma,electronics,no_career_issue,others,java,online,morning,2023-02-26,faisal,1,35000,2021,not joined,not interested,2023,2
777,hidden,nadakkavu,hidden,hidden,social media,ug,computer science,backpapers,job oriented course,data science,hybrid,afternoon,2023-03-15,deepak,1,12500,2020,not joined,high fee,2023,3
778,hidden,chevayur,hidden,hidden,social media,pg,other,no_career_issue,job oriented course,data science,offline,evening,2023-11-25,baiju,3,60000,2023,not joined,not impressed,2023,11
779,hidden,chevayur,hidden,hidden,social media,pg,mechanical,no_career_issue,work experience,data science,offline,weekend,2023-04-01,monish,3,60000,2018,not joined,high fee,2023,4
780,hidden,nadakkavu,hidden,hidden,social media,ug,electronics,career gap,job oriented course,java,offline,afternoon,2023-12-14,baiju,1,60000,2019,not joined,not impressed,2023,12
781,hidden,trivandrum,hidden,hidden,social media,ug,electronics,career gap,it internship,python,offline,morning,2023-12-21,monish,5,12500,2023,not joined,call not picking,2023,12
782,hidden,tanur,hidden,hidden,social media,ug,commerce,career gap,job oriented course,mern,offline,weekend,2023-09-25,baiju,2,35000,2020,not joined,call not picking,2023,9
783,hidden,chevayur,hidden,hidden,reference,ug,civil,non it background,job oriented course,flutter,offline,morning,2023-09-09,baiju,1,60000,2020,joined,not impressed,2023,9
784,hidden,ernakulam,hidden,hidden,google,pg,other,career gap,short term course,data science,offline,morning,2023-03-17,baiju,1,60000,2021,joined,not impressed,2023,3
785,hidden,nadakkavu,hidden,hidden,reference,ug,civil,no_career_issue,short term course,python,online,evening,2023-05-25,baiju,1,60000,2022,not joined,not impressed,2023,5
786,hidden,kozhikode,hidden,hidden,reference,ug,civil,career gap,job oriented course,mern,online,afternoon,2023-07-01,rifna,2,35000,2020,not joined,not interested,2023,7
787,hidden,ernakulam,hidden,hidden,social media,ug,mechanical,no_career_issue,it internship,mern,hybrid,evening,2023-05-19,baiju,1,60000,2019,not joined,high fee,2023,5
788,hidden,chaliyam,hidden,hidden,social media,pg,commerce,no_career_issue,it internship,data science,offline,morning,2023-12-09,baiju,1,12500,2019,not joined,high fee,2023,12
789,hidden,nadakkavu,hidden,hidden,social media,ug,mechanical,no_career_issue,others,data science,online,evening,2023-01-15,monish,4,60000,2018,joined,not impressed,2023,1
790,hidden,kunnamangalam,hidden,hidden,others,pg,commerce,no_career_issue,work experience,mern,online,morning,2023-08-12,monish,6,60000,2021,not joined,high fee,2023,8
791,hidden,pantheerankavu,hidden,hidden,google,ug,electronics,non it background,work experience,mern,online,morning,2023-08-04,anupama,3,35000,2018,not joined,not impressed,2023,8
792,hidden,kottayam,hidden,hidden,google,ug,civil,non it background,job oriented course,python,offline,weekend,2023-07-16,baiju,3,60000,2019,not joined,high fee,2023,7
793,hidden,pantheerankavu,hidden,hidden,reference,ug,computer science,no_career_issue,job oriented course,data science,hybrid,afternoon,2023-09-07,deepak,1,60000,2020,not joined,high fee,2023,9
794,hidden,farook,hidden,hidden,social media,ug,mechanical,no_career_issue,short term course,java,offline,afternoon,2023-12-16,lekha,2,60000,2018,not joined,suspected,2023,12
795,hidden,kovoor,hidden,hidden,reference,ug,computer science,no_career_issue,short term course,java,hybrid,evening,2023-01-02,baiju,2,60000,2018,joined,not impressed,2023,1
796,hidden,westhill,hidden,hidden,social media,pg,computer science,no_career_issue,short term course,mern,online,afternoon,2023-08-04,baiju,1,60000,2018,joined,not impressed,2023,8
797,hidden,kozhikode,hidden,hidden,others,pg,mechanical,career gap,work experience,web designing,online,morning,2023-05-13,monish,3,60000,2023,not joined,not okay,2023,5
798,hidden,koyilandy,hidden,hidden,reference,ug,other,backpapers,short term course,python,offline,afternoon,2023-01-12,baiju,2,60000,2022,not joined,call not picking,2023,1
799,hidden,koyilandy,hidden,hidden,social media,ug,mechanical,career gap,it internship,java,online,morning,2023-02-13,baiju,3,60000,2019,joined,not impressed,2023,2
800,hidden,tanur,hidden,hidden,social media,ug,civil,backpapers,short term course,mern,offline,morning,2023-02-14,baiju,1,12500,2022,not joined,suspected,2023,2
801,hidden,palakkad,hidden,hidden,social media,ug,civil,career gap,job oriented course,python,offline,morning,2023-08-02,rifna,4,60000,2022,joined,not impressed,2023,8
802,hidden,wayanad,hidden,hidden,social media,ug,mechanical,no_career_issue,it internship,data science,offline,weekend,2023-11-16,baiju,4,60000,2018,not joined,not interested,2023,11
803,hidden,pantheerankavu,hidden,hidden,social media,ug,other,non it background,it internship,java,hybrid,morning,2023-01-20,baiju,5,60000,2022,joined,not impressed,2023,1
804,hidden,koyilandy,hidden,hidden,social media,pg,computer science,career gap,short term course,python,offline,evening,2023-01-06,anupama,5,60000,2019,not joined,not interested,2023,1
805,hidden,tanur,hidden,hidden,others,ug,computer science,no_career_issue,it internship,python,hybrid,morning,2023-12-11,baiju,1,60000,2022,not joined,not impressed,2023,12
806,hidden,tirur,hidden,hidden,google,ug,commerce,no_career_issue,it internship,mern,online,afternoon,2023-06-14,faisal,2,35000,2020,not joined,high fee,2023,6
807,hidden,medical college,hidden,hidden,social media,others,other,non it background,work experience,mern,offline,evening,2023-04-02,baiju,1,35000,2023,not joined,joined other institude,2023,4
808,hidden,trivandrum,hidden,hidden,social media,ug,other,career gap,others,python,offline,morning,2023-06-14,baiju,2,60000,2023,not joined,not okay,2023,6
809,hidden,kozhikode,hidden,hidden,social media,ug,electronics,non it background,job oriented course,mern,online,morning,2023-06-22,anupama,2,35000,2019,not joined,suspected,2023,6
810,hidden,kottayam,hidden,hidden,social media,plus 2,other,no_career_issue,others,mern,online,weekend,2023-07-21,baiju,1,60000,2019,not joined,not okay,2023,7
811,hidden,ernakulam,hidden,hidden,reference,ug,electronics,no_career_issue,it internship,mern,offline,morning,2023-03-18,sandra,5,60000,2023,not joined,call not picking,2023,3
812,hidden,thrissur,hidden,hidden,reference,plus 2,other,no_career_issue,others,data science,offline,morning,2023-05-08,faisal,1,60000,2022,not joined,high fee,2023,5
813,hidden,westhill,hidden,hidden,others,pg,commerce,non it background,job oriented course,java,online,morning,2023-04-10,anupama,2,60000,2022,not joined,call not picking,2023,4
814,hidden,ramanattukara,hidden,hidden,reference,pg,civil,backpapers,work experience,python,offline,afternoon,2023-03-17,sandra,3,60000,2019,not joined,call not picking,2023,3
815,hidden,chevayur,hidden,hidden,google,pg,civil,no_career_issue,job oriented course,mern,hybrid,morning,2023-04-14,deepak,2,60000,2020,not joined,joined other institude,2023,4
816,hidden,beypore,hidden,hidden,others,ug,civil,no_career_issue,it internship,java,hybrid,afternoon,2023-06-08,lekha,1,60000,2018,not joined,joined other institude,2023,6
817,hidden,nadakkavu,hidden,hidden,social media,pg,civil,no_career_issue,job oriented course,web designing,offline,morning,2023-01-13,monish,6,60000,2022,not joined,call not picking,2023,1
818,hidden,kannur,hidden,hidden,social media,diploma,commerce,no_career_issue,it internship,mern,offline,morning,2023-05-20,monish,2,35000,2018,not joined,high fee,2023,5
819,hidden,chevayur,hidden,hidden,social media,ug,computer science,backpapers,it internship,data science,offline,morning,2023-06-03,baiju,2,60000,2021,joined,not impressed,2023,6
820,hidden,ramanattukara,hidden,hidden,social media,pg,other,career gap,it internship,python,offline,morning,2023-07-17,baiju,1,60000,2018,not joined,suspected,2023,7
821,hidden,kozhikode,hidden,hidden,reference,ug,other,career gap,short term course,others,online,morning,2023-10-13,baiju,2,60000,2018,not joined,call not picking,2023,10
822,hidden,kozhikode,hidden,hidden,social media,ug,civil,no_career_issue,work experience,python,hybrid,evening,2023-10-17,rifna,5,60000,2020,joined,not impressed,2023,10
823,hidden,kunnamangalam,hidden,hidden,social media,others,mechanical,non it background,work experience,flutter,offline,afternoon,2023-09-20,faisal,1,60000,2019,joined,not impressed,2023,9
824,hidden,kozhikode,hidden,hidden,social media,pg,other,no_career_issue,work experience,mern,offline,weekend,2023-06-19,baiju,1,60000,2019,not joined,high fee,2023,6
825,hidden,malappuram,hidden,hidden,social media,ug,mechanical,no_career_issue,job oriented course,mern,offline,morning,2023-05-05,anupama,1,60000,2023,not joined,suspected,2023,5
826,hidden,kozhikode,hidden,hidden,social media,ug,other,no_career_issue,work experience,python,offline,afternoon,2023-12-21,sandra,1,60000,2018,joined,not impressed,2023,12
827,hidden,medical college,hidden,hidden,social media,pg,commerce,non it background,it internship,python,hybrid,weekend,2023-11-01,baiju,2,60000,2021,not joined,joined other institude,2023,11
828,hidden,kondotty,hidden,hidden,reference,ug,electronics,career gap,it internship,data science,offline,evening,2023-10-09,baiju,1,60000,2022,not joined,not impressed,2023,10
829,hidden,westhill,hidden,hidden,social media,pg,electronics,non it background,it internship,data science,offline,evening,2023-05-17,baiju,1,60000,2018,not joined,not interested,2023,5
830,hidden,palazhi,hidden,hidden,google,sslc,computer science,career gap,short term course,python,offline,afternoon,2023-06-20,sandra,1,35000,2022,not joined,call not picking,2023,6
831,hidden,farook,hidden,hidden,social media,ug,mechanical,no_career_issue,work experience,python,offline,afternoon,2023-05-18,baiju,1,60000,2018,not joined,suspected,2023,5
832,hidden,ramanattukara,hidden,hidden,social media,sslc,civil,backpapers,others,python,offline,morning,2023-11-01,anupama,2,60000,2023,joined,not impressed,2023,11
833,hidden,kozhikode,hidden,hidden,social media,ug,electronics,no_career_issue,short term course,mern,offline,morning,2023-12-18,lekha,2,60000,2018,not joined,not okay,2023,12
834,hidden,trivandrum,hidden,hidden,social media,ug,electronics,backpapers,short term course,java,offline,morning,2023-01-01,baiju,2,60000,2019,joined,not impressed,2023,1
835,hidden,ramanattukara,hidden,hidden,social media,others,other,no_career_issue,job oriented course,python,offline,afternoon,2023-12-27,rifna,2,60000,2022,not joined,not okay,2023,12
836,hidden,kunnamangalam,hidden,hidden,social media,ug,mechanical,no_career_issue,job oriented course,python,offline,evening,2023-08-04,baiju,1,12500,2018,not joined,not impressed,2023,8
837,hidden,kovoor,hidden,hidden,social media,diploma,electronics,no_career_issue,short term course,data science,hybrid,afternoon,2023-10-20,monish,1,35000,2022,not joined,not okay,2023,10
838,hidden,malappuram,hidden,hidden,social media,ug,mechanical,no_career_issue,others,python,offline,evening,2023-12-15,baiju,2,60000,2021,not joined,call not picking,2023,12
839,hidden,vadakara,hidden,hidden,social media,ug,electronics,no_career_issue,others,data science,offline,morning,2023-11-19,rifna,1,60000,2023,joined,not impressed,2023,11
840,hidden,farook,hidden,hidden,others,ug,civil,no_career_issue,others,data science,online,morning,2024-07-21,baiju,3,60000,2023,joined,not impressed,2024,7
841,hidden,kannur,hidden,hidden,social media,ug,civil,no_career_issue,job oriented course,mern,online,afternoon,2024-07-20,faisal,2,60000,2023,not joined,not okay,2024,7
842,hidden,ramanattukara,hidden,hidden,reference,ug,other,no_career_issue,it internship,mern,offline,morning,2024-12-14,sivaprasad,1,35000,2023,not joined,suspected,2024,12
843,hidden,thrissur,hidden,hidden,social media,plus 2,electronics,backpapers,work experience,python,offline,evening,2024-02-19,deepak,2,60000,2020,not joined,not okay,2024,2
844,hidden,kondotty,hidden,hidden,social media,ug,electronics,career gap,work experience,mern,offline,morning,2024-06-26,lekha,2,60000,2019,not joined,not interested,2024,6
845,hidden,westhill,hidden,hidden,social media,plus 2,electronics,backpapers,others,mern,hybrid,afternoon,2024-12-11,faisal,2,60000,2019,not joined,not interested,2024,12
846,hidden,nadakkavu,hidden,hidden,social media,ug,computer science,no_career_issue,work experience,mern,offline,morning,2024-06-04,anupama,2,35000,2019,not joined,not impressed,2024,6
847,hidden,kunnamangalam,hidden,hidden,reference,others,civil,no_career_issue,others,mern,offline,morning,2024-09-09,monish,4,35000,2019,not joined,not okay,2024,9
848,hidden,westhill,hidden,hidden,reference,ug,mechanical,no_career_issue,job oriented course,python,online,afternoon,2024-06-18,rifna,1,35000,2023,not joined,suspected,2024,6
849,hidden,westhill,hidden,hidden,google,ug,computer science,no_career_issue,job oriented course,java,offline,evening,2024-05-17,sandra,1,60000,2023,not joined,high fee,2024,5
850,hidden,westhill,hidden,hidden,reference,ug,commerce,no_career_issue,job oriented course,mern,hybrid,evening,2024-12-27,rifna,1,60000,2020,not joined,not interested,2024,12
851,hidden,tirur,hidden,hidden,social media,ug,commerce,backpapers,job oriented course,mern,offline,afternoon,2024-06-11,baiju,1,60000,2020,joined,not impressed,2024,6
852,hidden,kozhikode,hidden,hidden,social media,plus 2,mechanical,non it background,others,python,hybrid,weekend,2024-02-22,monish,5,60000,2020,not joined,call not picking,2024,2
853,hidden,chevayur,hidden,hidden,google,pg,computer science,no_career_issue,short term course,data science,online,morning,2024-05-11,baiju,1,12500,2024,not joined,not impressed,2024,5
854,hidden,nadakkavu,hidden,hidden,social media,plus 2,other,no_career_issue,it internship,python,offline,morning,2024-05-14,monish,3,35000,2020,not joined,not impressed,2024,5
855,hidden,wayanad,hidden,hidden,social media,diploma,electronics,no_career_issue,work experience,data science,hybrid,morning,2024-05-04,baiju,2,60000,2021,joined,not impressed,2024,5
856,hidden,malappuram,hidden,hidden,social media,ug,civil,career gap,others,python,offline,afternoon,2024-10-22,baiju,1,35000,2019,not joined,suspected,2024,10
857,hidden,chevayur,hidden,hidden,social media,ug,civil,career gap,it internship,python,online,morning,2024-06-18,baiju,1,35000,2019,not joined,call not picking,2024,6
858,hidden,kozhikode,hidden,hidden,google,ug,commerce,no_career_issue,others,python,offline,morning,2024-01-24,baiju,1,12500,2023,not joined,high fee,2024,1
859,hidden,kunnamangalam,hidden,hidden,google,ug,other,career gap,it internship,others,offline,morning,2024-06-27,sandra,2,12500,2022,not joined,not impressed,2024,6
860,hidden,beypore,hidden,hidden,social media,pg,commerce,no_career_issue,short term course,mern,offline,weekend,2024-07-12,deepak,3,60000,2019,joined,not impressed,2024,7
861,hidden,farook,hidden,hidden,social media,pg,electronics,no_career_issue,work experience,mern,offline,evening,2024-03-18,rifna,2,35000,2024,not joined,not impressed,2024,3
862,hidden,kozhikode,hidden,hidden,others,ug,civil,no_career_issue,work experience,java,offline,morning,2024-06-19,anupama,1,60000,2021,not joined,not okay,2024,6
863,hidden,beypore,hidden,hidden,social media,plus 2,mechanical,backpapers,short term course,web designing,offline,morning,2024-12-17,baiju,3,12500,2019,not joined,suspected,2024,12
864,hidden,kondotty,hidden,hidden,social media,ug,computer science,backpapers,short term course,python,hybrid,morning,2024-05-06,baiju,3,60000,2023,not joined,call not picking,2024,5
865,hidden,vadakara,hidden,hidden,google,sslc,mechanical,no_career_issue,it internship,java,offline,morning,2024-10-08,rifna,1,60000,2023,not joined,high fee,2024,10
866,hidden,manjeri,hidden,hidden,social media,ug,commerce,no_career_issue,it internship,mern,hybrid,afternoon,2024-12-23,baiju,2,60000,2021,not joined,not impressed,2024,12
867,hidden,nadakkavu,hidden,hidden,reference,ug,other,no_career_issue,short term course,mern,offline,morning,2024-03-06,faisal,1,60000,2022,joined,not impressed,2024,3
868,hidden,nadakkavu,hidden,hidden,social media,pg,computer science,backpapers,short term course,mern,offline,morning,2024-03-12,baiju,1,60000,2022,joined,not impressed,2024,3
869,hidden,ponnani,hidden,hidden,others,pg,computer science,backpapers,short term course,data science,online,morning,2024-04-03,rifna,1,60000,2019,joined,not impressed,2024,4
870,hidden,kozhikode,hidden,hidden,social media,pg,other,no_career_issue,job oriented course,python,offline,morning,2024-04-20,faisal,2,12500,2021,not joined,call not picking,2024,4
871,hidden,kozhikode,hidden,hidden,social media,ug,computer science,no_career_issue,job oriented course,java,hybrid,morning,2024-12-24,baiju,4,60000,2019,not joined,joined other institude,2024,12
872,hidden,palakkad,hidden,hidden,social media,ug,computer science,career gap,work experience,web designing,offline,morning,2024-09-21,anupama,3,60000,2024,not joined,not interested,2024,9
873,hidden,nadakkavu,hidden,hidden,others,ug,mechanical,no_career_issue,it internship,mern,offline,evening,2024-01-12,baiju,2,60000,2022,not joined,not okay,2024,1
874,hidden,westhill,hidden,hidden,social media,ug,computer science,career gap,job oriented course,data science,offline,weekend,2024-12-08,anupama,1,12500,2021,not joined,not interested,2024,12
875,hidden,trivandrum,hidden,hidden,social media,others,civil,no_career_issue,it internship,mern,online,afternoon,2024-05-27,anupama,4,60000,2019,not joined,call not picking,2024,5
876,hidden,nilambur,hidden,hidden,google,pg,mechanical,career gap,short term course,mern,offline,weekend,2024-12-18,faisal,1,60000,2024,not joined,suspected,2024,12
877,hidden,kunnamangalam,hidden,hidden,social media,ug,civil,backpapers,work experience,ai,offline,morning,2024-09-06,baiju,1,60000,2021,joined,not impressed,2024,9
878,hidden,westhill,hidden,hidden,reference,pg,mechanical,non it background,work experience,java,hybrid,morning,2024-06-20,baiju,1,12500,2019,not joined,joined other institude,2024,6
879,hidden,medical college,hidden,hidden,reference,pg,mechanical,career gap,it internship,mern,offline,morning,2024-05-04,faisal,1,60000,2023,not joined,high fee,2024,5
880,hidden,kunnamangalam,hidden,hidden,reference,sslc,other,no_career_issue,work experience,flutter,offline,morning,2024-07-02,baiju,1,12500,2022,not joined,high fee,2024,7
881,hidden,palazhi,hidden,hidden,social media,pg,electronics,no_career_issue,job oriented course,python,offline,afternoon,2024-03-23,baiju,2,60000,2024,not joined,not okay,2024,3
882,hidden,farook,hidden,hidden,social media,ug,mechanical,career gap,work experience,java,online,evening,2024-07-13,baiju,1,60000,2021,joined,not impressed,2024,7
883,hidden,westhill,hidden,hidden,social media,ug,mechanical,backpapers,others,java,offline,weekend,2024-05-12,deepak,5,60000,2019,not joined,high fee,2024,5
884,hidden,kozhikode,hidden,hidden,social media,sslc,computer science,no_career_issue,others,mern,offline,morning,2024-07-06,baiju,2,60000,2021,joined,not impressed,2024,7
885,hidden,tanur,hidden,hidden,social media,ug,computer science,no_career_issue,short term course,python,offline,morning,2024-11-23,baiju,5,60000,2022,not joined,not impressed,2024,11
886,hidden,kozhikode,hidden,hidden,social media,ug,commerce,no_career_issue,job oriented course,python,offline,morning,2024-10-10,lekha,1,60000,2019,not joined,call not picking,2024,10
887,hidden,westhill,hidden,hidden,social media,ug,computer science,no_career_issue,others,data science,offline,morning,2024-12-17,anupama,2,60000,2021,not joined,not okay,2024,12
888,hidden,kozhikode,hidden,hidden,social media,ug,electronics,no_career_issue,work experience,python,offline,morning,2024-12-15,baiju,2,12500,2020,not joined,not interested,2024,12
889,hidden,chevayur,hidden,hidden,social media,diploma,mechanical,backpapers,work experience,mern,online,morning,2024-06-18,lekha,3,12500,2020,not joined,not interested,2024,6
890,hidden,kannur,hidden,hidden,social media,ug,computer science,no_career_issue,job oriented course,ai,hybrid,afternoon,2024-07-14,baiju,2,60000,2020,not joined,not impressed,2024,7
891,hidden,farook,hidden,hidden,others,diploma,other,non it background,job oriented course,mern,offline,morning,2024-08-06,monish,2,12500,2019,not joined,high fee,2024,8
892,hidden,kondotty,hidden,hidden,others,ug,computer science,no_career_issue,work experience,data science,offline,afternoon,2024-06-09,baiju,2,60000,2019,joined,not impressed,2024,6
893,hidden,westhill,hidden,hidden,social media,ug,computer science,no_career_issue,others,data science,hybrid,morning,2024-11-08,baiju,1,60000,2024,not joined,call not picking,2024,11
894,hidden,kottayam,hidden,hidden,google,ug,electronics,career gap,job oriented course,python,hybrid,afternoon,2024-12-08,baiju,2,12500,2020,not joined,suspected,2024,12
895,hidden,kunnamangalam,hidden,hidden,others,ug,civil,career gap,job oriented course,java,offline,weekend,2024-04-05,baiju,1,60000,2020,not joined,not okay,2024,4
896,hidden,wayanad,hidden,hidden,reference,ug,mechanical,career gap,job oriented course,mern,offline,morning,2024-04-06,rifna,1,60000,2023,not joined,joined other institude,2024,4
897,hidden,beypore,hidden,hidden,social media,plus 2,computer science,career gap,job oriented course,mern,online,morning,2024-05-06,baiju,2,60000,2022,joined,not impressed,2024,5
898,hidden,kovoor,hidden,hidden,reference,ug,commerce,non it background,others,data science,online,afternoon,2024-04-25,baiju,1,60000,2021,not joined,suspected,2024,4
899,hidden,nilambur,hidden,hidden,social media,pg,electronics,non it background,job oriented course,java,offline,evening,2024-06-21,baiju,1,12500,2019,not joined,not okay,2024,6
900,hidden,westhill,hidden,hidden,social media,ug,other,backpapers,it internship,mern,online,morning,2024-06-22,baiju,1,60000,2023,not joined,joined other institude,2024,6
901,hidden,medical college,hidden,hidden,social media,ug,commerce,no_career_issue,job oriented course,java,offline,morning,2024-11-21,deepak,1,60000,2023,not joined,high fee,2024,11
902,hidden,chevayur,hidden,hidden,social media,ug,electronics,no_career_issue,short term course,mern,offline,morning,2024-09-15,baiju,1,60000,2023,not joined,call not picking,2024,9
903,hidden,koyilandy,hidden,hidden,reference,ug,mechanical,backpapers,work experience,java,offline,afternoon,2024-07-02,monish,1,60000,2024,not joined,not impressed,2024,7
904,hidden,kannur,hidden,hidden,social media,pg,mechanical,non it background,work experience,python,online,morning,2024-08-07,baiju,1,60000,2020,not joined,high fee,2024,8
905,hidden,westhill,hidden,hidden,others,ug,electronics,non it background,it internship,mern,offline,weekend,2024-05-12,baiju,1,60000,2021,not joined,joined other institude,2024,5
906,hidden,kovoor,hidden,hidden,social media,pg,electronics,no_career_issue,others,mern,offline,morning,2024-11-09,deepak,1,60000,2019,joined,not impressed,2024,11
907,hidden,nadakkavu,hidden,hidden,social media,ug,mechanical,backpapers,it internship,python,online,afternoon,2024-10-22,anupama,4,12500,2023,not joined,call not picking,2024,10
908,hidden,thrissur,hidden,hidden,social media,ug,civil,career gap,short term course,mern,offline,morning,2024-09-22,rifna,2,60000,2019,not joined,joined other institude,2024,9
909,hidden,palakkad,hidden,hidden,social media,ug,commerce,no_career_issue,short term course,java,offline,morning,2024-04-06,deepak,2,60000,2023,joined,not impressed,2024,4
910,hidden,ponnani,hidden,hidden,social media,ug,computer science,no_career_issue,work experience,python,hybrid,evening,2024-04-18,deepak,1,60000,2019,joined,not impressed,2024,4
911,hidden,manjeri,hidden,hidden,social media,ug,civil,no_career_issue,it internship,ai,offline,evening,2024-05-11,faisal,2,35000,2021,not joined,call not picking,2024,5
912,hidden,chevayur,hidden,hidden,social media,ug,electronics,non it background,it internship,mern,offline,morning,2024-05-19,baiju,4,60000,2020,not joined,not okay,2024,5
913,hidden,kozhikode,hidden,hidden,others,sslc,other,career gap,others,ai,hybrid,afternoon,2024-08-24,anupama,2,35000,2023,not joined,not impressed,2024,8
914,hidden,medical college,hidden,hidden,google,pg,electronics,no_career_issue,short term course,data science,offline,afternoon,2024-02-06,baiju,1,12500,2023,not joined,call not picking,2024,2
915,hidden,westhill,hidden,hidden,social media,others,computer science,no_career_issue,short term course,data science,offline,weekend,2024-07-26,baiju,1,60000,2023,not joined,high fee,2024,7
916,hidden,nadakkavu,hidden,hidden,social media,ug,mechanical,career gap,it internship,flutter,offline,afternoon,2024-12-14,baiju,2,35000,2020,not joined,not okay,2024,12
917,hidden,nadakkavu,hidden,hidden,reference,ug,electronics,no_career_issue,job oriented course,mern,offline,evening,2024-01-16,baiju,1,60000,2021,not joined,not impressed,2024,1
918,hidden,kondotty,hidden,hidden,social media,ug,other,no_career_issue,work experience,python,online,morning,2024-06-06,baiju,1,60000,2021,not joined,not interested,2024,6
919,hidden,kozhikode,hidden,hidden,others,ug,electronics,backpapers,others,java,offline,morning,2024-02-26,baiju,1,60000,2021,not joined,call not picking,2024,2
920,hidden,kozhikode,hidden,hidden,social media,ug,commerce,no_career_issue,others,mern,online,weekend,2024-04-04,rifna,1,60000,2023,not joined,not interested,2024,4
921,hidden,palazhi,hidden,hidden,reference,ug,mechanical,career gap,short term course,java,offline,morning,2024-02-16,baiju,2,60000,2019,joined,not impressed,2024,2
922,hidden,kondotty,hidden,hidden,social media,ug,civil,non it background,others,data science,hybrid,evening,2024-05-10,lekha,4,60000,2020,joined,not impressed,2024,5
923,hidden,thrissur,hidden,hidden,reference,sslc,mechanical,no_career_issue,job oriented course,python,offline,morning,2024-02-20,monish,1,60000,2021,not joined,call not picking,2024,2
924,hidden,ernakulam,hidden,hidden,social media,diploma,civil,no_career_issue,short term course,data science,offline,afternoon,2024-04-20,lekha,1,12500,2022,not joined,high fee,2024,4
925,hidden,kottayam,hidden,hidden,google,ug,commerce,no_career_issue,work experience,python,offline,morning,2024-12-21,baiju,2,60000,2024,not joined,not interested,2024,12
926,hidden,manjeri,hidden,hidden,social media,ug,other,no_career_issue,short term course,mern,offline,morning,2024-12-21,monish,6,35000,2020,not joined,not okay,2024,12
927,hidden,westhill,hidden,hidden,social media,sslc,computer science,no_career_issue,work experience,data science,hybrid,morning,2024-11-19,baiju,3,60000,2023,not joined,not okay,2024,11
928,hidden,nadakkavu,hidden,hidden,others,ug,commerce,career gap,short term course,mern,offline,morning,2024-05-23,baiju,4,60000,2023,joined,not impressed,2024,5
929,hidden,wayanad,hidden,hidden,social media,others,civil,career gap,work experience,python,offline,weekend,2024-01-27,baiju,1,60000,2021,not joined,not interested,2024,1
930,hidden,nadakkavu,hidden,hidden,social media,pg,other,no_career_issue,short term course,data science,online,evening,2024-08-08,baiju,5,60000,2019,not joined,suspected,2024,8
931,hidden,kozhikode,hidden,hidden,social media,pg,civil,non it background,others,mern,offline,weekend,2024-03-18,baiju,4,35000,2024,not joined,suspected,2024,3
932,hidden,kozhikode,hidden,hidden,google,plus 2,computer science,non it background,others,ai,offline,morning,2024-07-20,baiju,2,60000,2023,joined,not impressed,2024,7
933,hidden,kannur,hidden,hidden,social media,plus 2,other,no_career_issue,it internship,python,offline,afternoon,2024-04-16,baiju,2,60000,2019,not joined,joined other institude,2024,4
934,hidden,kozhikode,hidden,hidden,social media,ug,other,no_career_issue,job oriented course,mern,hybrid,morning,2024-04-02,sandra,6,60000,2023,not joined,call not picking,2024,4
935,hidden,medical college,hidden,hidden,social media,ug,computer science,non it background,job oriented course,python,online,evening,2024-09-09,deepak,5,60000,2023,not joined,joined other institude,2024,9
936,hidden,tirur,hidden,hidden,reference,pg,mechanical,career gap,it internship,python,online,morning,2024-07-02,baiju,1,60000,2020,joined,not impressed,2024,7
937,hidden,nadakkavu,hidden,hidden,social media,ug,commerce,no_career_issue,work experience,python,offline,morning,2024-08-07,baiju,2,35000,2022,not joined,high fee,2024,8
938,hidden,kondotty,hidden,hidden,reference,ug,other,no_career_issue,others,mern,offline,evening,2024-04-18,faisal,1,60000,2020,not joined,not okay,2024,4
939,hidden,ponnani,hidden,hidden,social media,pg,other,no_career_issue,others,data science,offline,morning,2024-12-07,sivaprasad,1,60000,2024,joined,not impressed,2024,12
940,hidden,kondotty,hidden,hidden,social media,ug,computer science,career gap,it internship,python,offline,afternoon,2024-02-03,baiju,1,60000,2023,joined,not impressed,2024,2
941,hidden,westhill,hidden,hidden,social media,ug,electronics,career gap,others,python,online,morning,2024-11-09,monish,2,35000,2023,not joined,high fee,2024,11
942,hidden,kozhikode,hidden,hidden,others,ug,electronics,career gap,short term course,mern,hybrid,morning,2024-10-17,baiju,1,35000,2023,not joined,not interested,2024,10
943,hidden,kozhikode,hidden,hidden,google,ug,commerce,no_career_issue,job oriented course,data science,offline,evening,2024-07-24,deepak,1,12500,2022,not joined,high fee,2024,7
944,hidden,westhill,hidden,hidden,social media,pg,computer science,no_career_issue,short term course,mern,offline,evening,2024-04-17,deepak,1,60000,2023,not joined,joined other institude,2024,4
945,hidden,kannur,hidden,hidden,social media,ug,mechanical,non it background,others,java,online,morning,2024-05-03,anupama,1,35000,2024,not joined,joined other institude,2024,5
946,hidden,kozhikode,hidden,hidden,social media,ug,electronics,career gap,job oriented course,mern,offline,morning,2024-12-02,sandra,2,60000,2024,joined,not impressed,2024,12
947,hidden,kozhikode,hidden,hidden,social media,ug,other,career gap,short term course,flutter,online,afternoon,2024-06-26,baiju,2,60000,2021,not joined,suspected,2024,6
948,hidden,tanur,hidden,hidden,social media,ug,mechanical,no_career_issue,short term course,mern,hybrid,evening,2024-03-09,monish,2,60000,2022,not joined,not impressed,2024,3
949,hidden,chevayur,hidden,hidden,social media,ug,civil,no_career_issue,others,python,hybrid,weekend,2024-02-17,sandra,6,35000,2023,not joined,call not picking,2024,2
950,hidden,ernakulam,hidden,hidden,google,sslc,computer science,no_career_issue,short term course,mern,offline,morning,2024-02-25,rifna,1,12500,2020,not joined,not interested,2024,2
951,hidden,medical college,hidden,hidden,google,ug,civil,career gap,it internship,data science,offline,morning,2024-02-03,baiju,1,35000,2021,not joined,not impressed,2024,2
952,hidden,ponnani,hidden,hidden,social media,pg,other,career gap,work experience,python,offline,morning,2024-01-18,monish,6,60000,2021,not joined,high fee,2024,1
953,hidden,kovoor,hidden,hidden,reference,pg,commerce,career gap,work experience,mern,offline,evening,2024-07-03,anupama,1,60000,2024,not joined,not impressed,2024,7
954,hidden,palakkad,hidden,hidden,social media,plus 2,electronics,no_career_issue,work experience,python,offline,morning,2024-04-12,faisal,1,60000,2022,not joined,suspected,2024,4
955,hidden,nilambur,hidden,hidden,social media,ug,commerce,career gap,it internship,data science,offline,weekend,2024-04-06,baiju,4,35000,2019,not joined,not interested,2024,4
956,hidden,kovoor,hidden,hidden,reference,ug,commerce,non it background,it internship,python,hybrid,morning,2024-03-07,baiju,2,60000,2021,not joined,high fee,2024,3
957,hidden,nadakkavu,hidden,hidden,reference,ug,mechanical,no_career_issue,work experience,python,offline,afternoon,2024-12-09,sandra,1,60000,2019,not joined,high fee,2024,12
958,hidden,medical college,hidden,hidden,social media,ug,mechanical,backpapers,short term course,java,offline,afternoon,2024-06-13,monish,1,60000,2021,not joined,not interested,2024,6
959,hidden,kozhikode,hidden,hidden,social media,diploma,electronics,non it background,it internship,mern,offline,morning,2024-01-13,baiju,1,12500,2019,not joined,call not picking,2024,1
960,hidden,malappuram,hidden,hidden,social media,ug,other,no_career_issue,work experience,ai,offline,morning,2024-12-23,baiju,1,12500,2022,not joined,not okay,2024,12
961,hidden,kozhikode,hidden,hidden,others,ug,mechanical,no_career_issue,others,python,offline,evening,2024-10-11,rifna,2,60000,2019,not joined,suspected,2024,10
962,hidden,ramanattukara,hidden,hidden,others,pg,civil,career gap,job oriented course,java,hybrid,afternoon,2024-10-21,baiju,1,60000,2023,not joined,not okay,2024,10
963,hidden,trivandrum,hidden,hidden,google,ug,other,non it background,short term course,java,offline,afternoon,2024-07-07,sivaprasad,2,60000,2023,not joined,not interested,2024,7
964,hidden,nadakkavu,hidden,hidden,others,ug,electronics,career gap,others,mern,offline,morning,2024-01-12,monish,1,60000,2019,not joined,not interested,2024,1
965,hidden,wayanad,hidden,hidden,reference,diploma,other,career gap,it internship,python,offline,morning,2024-06-21,rifna,1,12500,2023,not joined,suspected,2024,6
966,hidden,ernakulam,hidden,hidden,others,ug,commerce,career gap,it internship,mern,online,morning,2024-04-08,rifna,1,35000,2023,not joined,not interested,2024,4
967,hidden,kunnamangalam,hidden,hidden,others,ug,commerce,no_career_issue,it internship,python,offline,morning,2024-11-22,baiju,1,60000,2020,joined,not impressed,2024,11
968,hidden,ramanattukara,hidden,hidden,social media,others,other,no_career_issue,work experience,java,hybrid,afternoon,2024-07-18,faisal,1,60000,2021,not joined,suspected,2024,7
969,hidden,kovoor,hidden,hidden,social media,pg,civil,no_career_issue,others,python,offline,morning,2024-07-26,baiju,1,60000,2021,joined,not impressed,2024,7
970,hidden,westhill,hidden,hidden,social media,pg,other,no_career_issue,work experience,data science,offline,afternoon,2024-09-25,deepak,2,60000,2020,not joined,not impressed,2024,9
971,hidden,kovoor,hidden,hidden,social media,pg,commerce,no_career_issue,it internship,java,offline,morning,2024-06-25,baiju,4,60000,2022,joined,not impressed,2024,6
972,hidden,nilambur,hidden,hidden,social media,plus 2,electronics,backpapers,it internship,mern,offline,morning,2024-06-05,baiju,3,60000,2022,not joined,not impressed,2024,6
973,hidden,wayanad,hidden,hidden,google,ug,civil,no_career_issue,others,mern,offline,morning,2024-02-01,baiju,1,35000,2023,not joined,not interested,2024,2
974,hidden,beypore,hidden,hidden,social media,sslc,computer science,backpapers,job oriented course,data science,offline,afternoon,2024-07-24,baiju,1,60000,2020,not joined,not okay,2024,7
975,hidden,kozhikode,hidden,hidden,social media,ug,computer science,no_career_issue,short term course,flutter,online,morning,2024-11-24,baiju,1,12500,2019,not joined,not impressed,2024,11
976,hidden,kozhikode,hidden,hidden,social media,ug,other,backpapers,work experience,testing,offline,afternoon,2024-04-22,baiju,2,60000,2023,joined,not impressed,2024,4
977,hidden,kondotty,hidden,hidden,others,pg,civil,no_career_issue,work experience,mern,hybrid,morning,2024-11-11,baiju,1,60000,2024,not joined,high fee,2024,11
978,hidden,kozhikode,hidden,hidden,social media,pg,electronics,career gap,others,python,offline,morning,2024-09-08,faisal,1,60000,2023,not joined,not okay,2024,9
979,hidden,chaliyam,hidden,hidden,social media,ug,civil,no_career_issue,short term course,data science,offline,morning,2024-06-02,sivaprasad,1,60000,2020,joined,not impressed,2024,6
980,hidden,farook,hidden,hidden,reference,plus 2,other,non it background,others,flutter,online,evening,2024-04-17,anupama,1,60000,2024,not joined,not okay,2024,4
981,hidden,palazhi,hidden,hidden,reference,ug,electronics,non it background,it internship,testing,offline,morning,2024-09-14,baiju,1,35000,2022,not joined,high fee,2024,9
982,hidden,koyilandy,hidden,hidden,social media,others,mechanical,backpapers,others,python,online,morning,2024-04-10,faisal,2,12500,2019,not joined,suspected,2024,4
983,hidden,nadakkavu,hidden,hidden,social media,pg,mechanical,no_career_issue,work experience,mern,hybrid,evening,2024-10-07,rifna,1,60000,2022,joined,not impressed,2024,10
984,hidden,ernakulam,hidden,hidden,social media,ug,other,no_career_issue,it internship,mern,offline,morning,2024-04-08,baiju,1,60000,2023,not joined,not impressed,2024,4
985,hidden,ernakulam,hidden,hidden,social media,ug,commerce,no_career_issue,others,data science,offline,morning,2024-05-02,baiju,4,60000,2024,not joined,call not picking,2024,5
986,hidden,ponnani,hidden,hidden,social media,ug,mechanical,no_career_issue,others,python,hybrid,weekend,2024-12-18,baiju,4,60000,2023,not joined,joined other institude,2024,12
987,hidden,tanur,hidden,hidden,social media,pg,commerce,no_career_issue,it internship,flutter,offline,morning,2024-02-08,baiju,3,60000,2023,not joined,not okay,2024,2
988,hidden,pantheerankavu,hidden,hidden,social media,sslc,commerce,no_career_issue,others,mern,offline,afternoon,2024-08-22,deepak,1,60000,2019,not joined,high fee,2024,8
989,hidden,kondotty,hidden,hidden,others,ug,commerce,career gap,it internship,data science,offline,evening,2024-08-17,sandra,2,12500,2023,not joined,call not picking,2024,8
990,hidden,palazhi,hidden,hidden,social media,pg,commerce,no_career_issue,job oriented course,data science,offline,evening,2024-05-20,deepak,1,12500,2023,not joined,call not picking,2024,5
991,hidden,chevayur,hidden,hidden,reference,ug,commerce,career gap,job oriented course,others,offline,weekend,2024-11-13,baiju,3,35000,2022,not joined,not interested,2024,11
992,hidden,nadakkavu,hidden,hidden,social media,ug,mechanical,backpapers,it internship,java,offline,afternoon,2024-10-21,lekha,1,60000,2024,not joined,high fee,2024,10
993,hidden,beypore,hidden,hidden,others,pg,electronics,no_career_issue,others,java,online,morning,2024-09-27,deepak,2,35000,2021,not joined,call not picking,2024,9
994,hidden,vadakara,hidden,hidden,google,pg,civil,career gap,it internship,flutter,offline,morning,2024-09-09,baiju,1,35000,2021,not joined,not interested,2024,9
995,hidden,ramanattukara,hidden,hidden,social media,ug,mechanical,no_career_issue,work experience,flutter,offline,evening,2024-09-19,baiju,1,60000,2019,not joined,call not picking,2024,9
996,hidden,nilambur,hidden,hidden,social media,ug,electronics,backpapers,it internship,data science,offline,morning,2024-07-09,faisal,1,60000,2022,joined,not impressed,2024,7
997,hidden,kunnamangalam,hidden,hidden,social media,ug,electronics,no_career_issue,job oriented course,python,offline,morning,2024-03-24,anupama,1,60000,2020,not joined,not impressed,2024,3
998,hidden,ramanattukara,hidden,hidden,social media,plus 2,civil,career gap,others,python,offline,afternoon,2024-10-01,baiju,1,35000,2022,not joined,suspected,2024,10
999,hidden,chevayur,hidden,hidden,social media,pg,mechanical,non it background,others,data science,offline,morning,2024-06-14,baiju,5,60000,2024,joined,not impressed,2024,6
1000,hidden,kottayam,hidden,hidden,social media,ug,electronics,no_career_issue,short term course,java,offline,afternoon,2024-12-05,monish,4,60000,2024,not joined,not interested,2024,12
1001,hidden,kunnamangalam,hidden,hidden,social media,diploma,civil,non it background,work experience,mern,offline,afternoon,2024-06-24,deepak,2,35000,2024,not joined,joined other institude,2024,6
1002,hidden,westhill,hidden,hidden,reference,plus 2,other,no_career_issue,work experience,mern,hybrid,morning,2024-07-12,baiju,4,60000,2019,not joined,call not picking,2024,7
1003,hidden,chevayur,hidden,hidden,reference,pg,commerce,no_career_issue,job oriented course,data science,offline,morning,2024-07-01,sandra,2,12500,2021,not joined,not okay,2024,7
1004,hidden,palazhi,hidden,hidden,social media,others,commerce,no_career_issue,work experience,python,offline,morning,2024-04-19,monish,3,60000,2019,joined,not impressed,2024,4
1005,hidden,chevayur,hidden,hidden,social media,pg,mechanical,no_career_issue,it internship,mern,online,morning,2024-08-15,baiju,2,60000,2023,joined,not impressed,2024,8
1006,hidden,manjeri,hidden,hidden,others,ug,computer science,backpapers,work experience,mern,offline,morning,2024-09-10,rifna,2,60000,2020,not joined,call not picking,2024,9
1007,hidden,koyilandy,hidden,hidden,reference,ug,other,non it background,job oriented course,python,offline,weekend,2024-10-06,baiju,1,12500,2023,not joined,not impressed,2024,10
1008,hidden,kovoor,hidden,hidden,social media,ug,electronics,career gap,others,data science,offline,weekend,2024-10-13,anupama,1,60000,2020,joined,not impressed,2024,10
1009,hidden,malappuram,hidden,hidden,social media,ug,electronics,no_career_issue,short term course,java,offline,afternoon,2024-05-25,baiju,1,60000,2021,joined,not impressed,2024,5
1010,hidden,manjeri,hidden,hidden,social media,ug,civil,career gap,work experience,others,offline,morning,2024-08-21,lekha,1,60000,2023,joined,not impressed,2024,8
1011,hidden,beypore,hidden,hidden,social media,ug,computer science,backpapers,job oriented course,python,hybrid,afternoon,2024-06-04,faisal,1,60000,2024,joined,not impressed,2024,6
1012,hidden,chaliyam,hidden,hidden,google,ug,computer science,career gap,job oriented course,mern,hybrid,morning,2024-05-11,baiju,6,60000,2024,joined,not impressed,2024,5
1013,hidden,kozhikode,hidden,hidden,social media,ug,mechanical,backpapers,job oriented course,data science,offline,evening,2024-05-07,baiju,2,60000,2023,not joined,not interested,2024,5
1014,hidden,kovoor,hidden,hidden,others,pg,mechanical,non it background,it internship,data science,offline,afternoon,2024-12-05,baiju,1,60000,2024,not joined,not impressed,2024,12
1015,hidden,kozhikode,hidden,hidden,social media,ug,mechanical,no_career_issue,work experience,python,offline,evening,2024-03-03,baiju,5,60000,2021,not joined,not impressed,2024,3
1016,hidden,westhill,hidden,hidden,social media,ug,mechanical,no_career_issue,job oriented course,python,offline,evening,2024-02-24,monish,1,35000,2022,not joined,high fee,2024,2
1017,hidden,chevayur,hidden,hidden,others,ug,electronics,career gap,short term course,python,offline,morning,2024-10-25,baiju,2,60000,2021,not joined,suspected,2024,10
1018,hidden,farook,hidden,hidden,others,ug,civil,non it background,job oriented course,python,offline,morning,2024-03-11,faisal,5,60000,2020,not joined,not interested,2024,3
1019,hidden,kozhikode,hidden,hidden,google,ug,commerce,career gap,others,mern,offline,morning,2024-03-22,deepak,6,60000,2024,joined,not impressed,2024,3
1020,hidden,kunnamangalam,hidden,hidden,reference,ug,other,no_career_issue,others,java,offline,evening,2024-01-13,baiju,1,60000,2023,not joined,call not picking,2024,1
1021,hidden,ramanattukara,hidden,hidden,social media,pg,commerce,no_career_issue,others,java,offline,morning,2024-12-02,rifna,1,12500,2024,not joined,suspected,2024,12
1022,hidden,chevayur,hidden,hidden,social media,ug,mechanical,no_career_issue,it internship,mern,online,morning,2024-02-10,deepak,5,60000,2021,not joined,suspected,2024,2
1023,hidden,kunnamangalam,hidden,hidden,social media,sslc,computer science,career gap,short term course,flutter,hybrid,morning,2024-07-01,monish,1,60000,2021,not joined,call not picking,2024,7
1024,hidden,chevayur,hidden,hidden,reference,ug,civil,no_career_issue,job oriented course,flutter,offline,morning,2024-07-09,monish,1,12500,2019,not joined,not interested,2024,7
1025,hidden,chevayur,hidden,hidden,social media,ug,computer science,non it background,it internship,python,hybrid,morning,2024-01-01,baiju,2,35000,2020,not joined,not okay,2024,1
1026,hidden,pantheerankavu,hidden,hidden,reference,ug,other,non it background,it internship,mern,offline,morning,2024-07-21,baiju,1,12500,2020,not joined,high fee,2024,7
1027,hidden,beypore,hidden,hidden,social media,diploma,computer science,no_career_issue,others,python,online,morning,2024-01-07,anupama,1,60000,2019,not joined,high fee,2024,1
1028,hidden,kozhikode,hidden,hidden,social media,pg,other,no_career_issue,others,python,offline,morning,2024-06-04,rifna,2,60000,2019,not joined,call not picking,2024,6
1029,hidden,westhill,hidden,hidden,reference,pg,computer science,non it background,it internship,ai,online,morning,2024-09-03,baiju,2,60000,2019,not joined,call not picking,2024,9
1030,hidden,beypore,hidden,hidden,social media,ug,mechanical,non it background,others,mern,offline,morning,2024-04-10,sivaprasad,3,60000,2022,not joined,call not picking,2024,4
1031,hidden,nadakkavu,hidden,hidden,social media,plus 2,computer science,no_career_issue,work experience,mern,offline,morning,2024-11-11,baiju,1,60000,2019,not joined,joined other institude,2024,11
1032,hidden,beypore,hidden,hidden,google,ug,electronics,backpapers,it internship,python,hybrid,morning,2024-02-12,faisal,1,35000,2021,not joined,not interested,2024,2
1033,hidden,koyilandy,hidden,hidden,social media,ug,electronics,non it background,it internship,mern,offline,weekend,2024-12-14,baiju,1,60000,2019,not joined,joined other institude,2024,12
1034,hidden,westhill,hidden,hidden,social media,ug,civil,career gap,short term course,java,offline,weekend,2024-04-15,sandra,3,60000,2020,not joined,call not picking,2024,4
1035,hidden,beypore,hidden,hidden,social media,pg,mechanical,career gap,job oriented course,flutter,offline,morning,2024-11-20,monish,2,12500,2020,not joined,call not picking,2024,11
1036,hidden,trivandrum,hidden,hidden,others,ug,commerce,career gap,others,python,offline,morning,2024-04-08,baiju,3,60000,2023,joined,not impressed,2024,4
1037,hidden,westhill,hidden,hidden,social media,ug,other,career gap,others,data science,offline,afternoon,2024-01-17,sandra,4,60000,2019,joined,not impressed,2024,1
1038,hidden,malappuram,hidden,hidden,social media,ug,computer science,non it background,others,data science,offline,morning,2024-07-12,baiju,3,60000,2022,not joined,not impressed,2024,7
1039,hidden,ernakulam,hidden,hidden,others,pg,computer science,no_career_issue,work experience,python,hybrid,morning,2024-09-19,rifna,2,60000,2024,not joined,not impressed,2024,9
1040,hidden,tirur,hidden,hidden,reference,pg,mechanical,no_career_issue,job oriented course,mern,offline,morning,2024-06-23,baiju,1,60000,2023,not joined,call not picking,2024,6
1041,hidden,westhill,hidden,hidden,social media,ug,other,backpapers,short term course,python,offline,morning,2024-12-12,baiju,2,60000,2023,not joined,suspected,2024,12
1042,hidden,kozhikode,hidden,hidden,social media,ug,electronics,non it background,job oriented course,ai,offline,afternoon,2024-03-01,lekha,6,60000,2019,joined,not impressed,2024,3
1043,hidden,kozhikode,hidden,hidden,google,ug,other,non it background,others,data science,offline,morning,2024-05-17,baiju,2,60000,2021,joined,not impressed,2024,5
1044,hidden,kozhikode,hidden,hidden,social media,ug,mechanical,no_career_issue,job oriented course,data science,online,afternoon,2024-05-10,anupama,2,60000,2020,joined,not impressed,2024,5
1045,hidden,nadakkavu,hidden,hidden,google,pg,mechanical,no_career_issue,it internship,mern,hybrid,evening,2024-12-18,sandra,2,35000,2021,not joined,joined other institude,2024,12
1046,hidden,chevayur,hidden,hidden,others,ug,commerce,career gap,short term course,python,online,morning,2024-12-24,baiju,4,12500,2022,not joined,call not picking,2024,12
1047,hidden,nilambur,hidden,hidden,others,pg,commerce,no_career_issue,it internship,python,offline,evening,2024-06-17,baiju,2,60000,2021,joined,not impressed,2024,6
1048,hidden,nadakkavu,hidden,hidden,social media,ug,commerce,career gap,job oriented course,mern,hybrid,afternoon,2024-12-12,baiju,2,60000,2021,joined,not impressed,2024,12
1049,hidden,westhill,hidden,hidden,others,ug,commerce,no_career_issue,job oriented course,flutter,offline,morning,2024-05-09,rifna,1,60000,2023,not joined,suspected,2024,5
1050,hidden,vadakara,hidden,hidden,social media,pg,electronics,career gap,job oriented course,python,offline,weekend,2024-04-24,monish,2,60000,2019,joined,not impressed,2024,4
1051,hidden,kunnamangalam,hidden,hidden,social media,ug,commerce,no_career_issue,work experience,python,offline,weekend,2024-08-24,baiju,1,60000,2022,not joined,not interested,2024,8
1052,hidden,nilambur,hidden,hidden,reference,pg,commerce,non it background,it internship,mern,hybrid,morning,2024-09-16,sandra,2,60000,2024,joined,not impressed,2024,9
1053,hidden,chevayur,hidden,hidden,social media,ug,mechanical,no_career_issue,others,java,offline,morning,2024-09-02,baiju,2,60000,2022,joined,not impressed,2024,9
1054,hidden,medical college,hidden,hidden,social media,ug,computer science,no_career_issue,short term course,data science,online,morning,2024-08-27,baiju,6,60000,2021,not joined,suspected,2024,8
1055,hidden,nadakkavu,hidden,hidden,google,ug,other,backpapers,work experience,data science,online,morning,2024-08-17,baiju,3,12500,2019,not joined,not okay,2024,8
1056,hidden,tanur,hidden,hidden,google,ug,civil,no_career_issue,job oriented course,python,offline,afternoon,2024-05-03,baiju,1,35000,2020,not joined,suspected,2024,5
1057,hidden,westhill,hidden,hidden,others,ug,commerce,career gap,job oriented course,flutter,offline,morning,2024-10-25,sivaprasad,1,60000,2024,not joined,suspected,2024,10
1058,hidden,ponnani,hidden,hidden,social media,ug,electronics,non it background,others,data science,online,morning,2024-02-12,monish,2,60000,2021,not joined,joined other institude,2024,2
1059,hidden,medical college,hidden,hidden,others,ug,electronics,no_career_issue,short term course,java,offline,morning,2024-02-02,faisal,2,60000,2023,joined,not impressed,2024,2
1060,hidden,wayanad,hidden,hidden,social media,ug,commerce,no_career_issue,others,mern,online,morning,2024-10-15,baiju,1,60000,2021,joined,not impressed,2024,10
1061,hidden,beypore,hidden,hidden,social media,ug,computer science,backpapers,short term course,python,offline,morning,2024-03-26,deepak,1,60000,2021,not joined,joined other institude,2024,3
1062,hidden,beypore,hidden,hidden,social media,others,civil,backpapers,work experience,mern,offline,afternoon,2024-10-17,anupama,2,60000,2022,not joined,joined other institude,2024,10
1063,hidden,kozhikode,hidden,hidden,google,ug,commerce,no_career_issue,it internship,mern,offline,morning,2024-07-20,baiju,1,60000,2024,not joined,not okay,2024,7
1064,hidden,kottayam,hidden,hidden,social media,ug,computer science,no_career_issue,job oriented course,python,offline,morning,2024-04-24,baiju,1,60000,2020,not joined,not okay,2024,4
1065,hidden,malappuram,hidden,hidden,social media,ug,other,no_career_issue,others,mern,offline,afternoon,2024-04-04,rifna,1,60000,2021,joined,not impressed,2024,4
1066,hidden,nadakkavu,hidden,hidden,social media,ug,computer science,no_career_issue,work experience,mern,hybrid,morning,2024-06-05,baiju,1,35000,2022,not joined,call not picking,2024,6
1067,hidden,kovoor,hidden,hidden,social media,ug,other,no_career_issue,job oriented course,python,hybrid,weekend,2024-11-16,baiju,1,12500,2021,not joined,call not picking,2024,11
1068,hidden,tirur,hidden,hidden,social media,ug,electronics,backpapers,others,java,offline,morning,2024-12-26,monish,1,60000,2019,joined,not impressed,2024,12
1069,hidden,westhill,hidden,hidden,google,ug,other,career gap,job oriented course,flutter,offline,evening,2024-05-27,baiju,1,60000,2023,not joined,not okay,2024,5
1070,hidden,beypore,hidden,hidden,social media,ug,civil,non it background,work experience,python,offline,evening,2024-07-13,deepak,1,60000,2019,not joined,suspected,2024,7
1071,hidden,kozhikode,hidden,hidden,social media,ug,other,career gap,others,python,offline,evening,2024-09-04,baiju,4,60000,2019,not joined,joined other institude,2024,9
1072,hidden,beypore,hidden,hidden,social media,others,civil,no_career_issue,job oriented course,data science,offline,morning,2024-06-01,lekha,2,60000,2024,not joined,suspected,2024,6
1073,hidden,ponnani,hidden,hidden,social media,ug,electronics,non it background,it internship,java,offline,morning,2024-11-22,baiju,1,12500,2023,not joined,not okay,2024,11
1074,hidden,wayanad,hidden,hidden,social media,ug,electronics,non it background,job oriented course,java,offline,afternoon,2024-09-07,sandra,3,60000,2021,joined,not impressed,2024,9
1075,hidden,kottayam,hidden,hidden,social media,ug,computer science,non it background,job oriented course,python,offline,afternoon,2024-03-27,baiju,1,60000,2022,joined,not impressed,2024,3
1076,hidden,kozhikode,hidden,hidden,google,ug,civil,no_career_issue,work experience,data science,offline,weekend,2024-04-19,baiju,1,60000,2021,joined,not impressed,2024,4
1077,hidden,nadakkavu,hidden,hidden,social media,ug,other,career gap,short term course,python,offline,afternoon,2024-12-16,baiju,4,60000,2023,not joined,suspected,2024,12
1078,hidden,manjeri,hidden,hidden,google,ug,computer science,no_career_issue,others,mern,offline,evening,2024-06-16,baiju,1,35000,2021,not joined,not interested,2024,6
1079,hidden,vadakara,hidden,hidden,social media,ug,computer science,no_career_issue,short term course,java,offline,weekend,2024-06-20,baiju,2,60000,2019,not joined,high fee,2024,6
1080,hidden,tirur,hidden,hidden,social media,ug,civil,no_career_issue,work experience,mern,offline,afternoon,2024-04-23,deepak,1,60000,2019,not joined,not impressed,2024,4
1081,hidden,kozhikode,hidden,hidden,others,sslc,computer science,no_career_issue,job oriented course,web designing,offline,afternoon,2024-12-08,baiju,2,60000,2021,not joined,not impressed,2024,12
1082,hidden,beypore,hidden,hidden,google,ug,electronics,no_career_issue,job oriented course,java,online,morning,2024-04-24,baiju,3,60000,2023,joined,not impressed,2024,4
1083,hidden,nilambur,hidden,hidden,social media,ug,electronics,no_career_issue,it internship,python,hybrid,weekend,2024-04-06,baiju,1,12500,2023,not joined,not impressed,2024,4
1084,hidden,palakkad,hidden,hidden,social media,ug,other,backpapers,it internship,data science,hybrid,evening,2024-12-15,anupama,1,35000,2021,not joined,not impressed,2024,12
1085,hidden,ponnani,hidden,hidden,social media,ug,civil,no_career_issue,work experience,data science,offline,morning,2024-04-08,baiju,2,60000,2022,not joined,joined other institude,2024,4
1086,hidden,chaliyam,hidden,hidden,social media,pg,other,career gap,it internship,mern,offline,weekend,2024-03-20,baiju,4,12500,2020,not joined,not interested,2024,3
1087,hidden,chevayur,hidden,hidden,others,ug,electronics,no_career_issue,job oriented course,data science,hybrid,morning,2024-01-17,lekha,1,60000,2019,joined,not impressed,2024,1
1088,hidden,chevayur,hidden,hidden,social media,pg,civil,no_career_issue,short term course,mern,offline,evening,2024-07-22,baiju,2,60000,2019,joined,not impressed,2024,7
1089,hidden,kannur,hidden,hidden,social media,others,electronics,career gap,job oriented course,java,offline,afternoon,2024-05-09,monish,1,35000,2019,not joined,suspected,2024,5
1090,hidden,kozhikode,hidden,hidden,google,ug,other,career gap,short term course,data science,online,afternoon,2024-10-02,rifna,3,60000,2021,not joined,not interested,2024,10
1091,hidden,westhill,hidden,hidden,others,pg,civil,backpapers,short term course,python,hybrid,afternoon,2024-03-02,rifna,1,60000,2022,not joined,not okay,2024,3
1092,hidden,westhill,hidden,hidden,social media,pg,mechanical,no_career_issue,short term course,java,offline,afternoon,2024-07-03,rifna,1,12500,2019,not joined,joined other institude,2024,7
1093,hidden,tanur,hidden,hidden,social media,others,mechanical,no_career_issue,work experience,python,online,weekend,2024-12-26,baiju,2,60000,2019,joined,not impressed,2024,12
1094,hidden,nadakkavu,hidden,hidden,others,others,other,no_career_issue,short term course,mern,offline,morning,2024-02-22,sandra,1,12500,2019,not joined,joined other institude,2024,2
1095,hidden,ponnani,hidden,hidden,google,sslc,electronics,no_career_issue,job oriented course,mern,hybrid,morning,2024-06-03,baiju,4,35000,2024,not joined,suspected,2024,6
1096,hidden,chevayur,hidden,hidden,social media,ug,electronics,non it background,job oriented course,ai,offline,morning,2024-08-02,baiju,3,60000,2020,not joined,not impressed,2024,8
1097,hidden,farook,hidden,hidden,google,pg,mechanical,career gap,work experience,data science,offline,morning,2024-03-12,baiju,1,60000,2019,not joined,not impressed,2024,3
1098,hidden,nadakkavu,hidden,hidden,social media,ug,other,non it background,others,mern,offline,weekend,2024-06-20,anupama,1,35000,2019,not joined,high fee,2024,6
1099,hidden,kovoor,hidden,hidden,reference,ug,civil,career gap,work experience,java,offline,evening,2024-04-26,deepak,2,60000,2022,joined,not impressed,2024,4
1100,hidden,nadakkavu,hidden,hidden,social media,ug,computer science,career gap,it internship,java,hybrid,morning,2025-06-09,rifna,2,60000,2025,not joined,not okay,2025,6
1101,hidden,chevayur,hidden,hidden,social media,ug,computer science,no_career_issue,short term course,ai,hybrid,weekend,2025-04-05,faisal,1,60000,2021,not joined,not okay,2025,4
1102,hidden,kozhikode,hidden,hidden,social media,pg,mechanical,no_career_issue,work experience,python,online,afternoon,2025-10-15,baiju,1,60000,2022,joined,not impressed,2025,10
1103,hidden,kannur,hidden,hidden,social media,ug,other,non it background,job oriented course,python,hybrid,afternoon,2025-07-15,faisal,2,60000,2023,not joined,suspected,2025,7
1104,hidden,chevayur,hidden,hidden,google,sslc,electronics,career gap,short term course,mern,offline,morning,2025-05-20,baiju,1,12500,2024,not joined,not interested,2025,5
1105,hidden,kondotty,hidden,hidden,social media,ug,other,career gap,others,python,offline,afternoon,2025-03-14,baiju,1,12500,2020,not joined,high fee,2025,3
1106,hidden,wayanad,hidden,hidden,social media,ug,other,no_career_issue,others,python,online,evening,2025-07-03,anupama,2,60000,2023,not joined,high fee,2025,7
1107,hidden,tirur,hidden,hidden,google,ug,other,non it background,work experience,data science,online,morning,2025-12-26,rifna,3,12500,2021,not joined,call not picking,2025,12
1108,hidden,chaliyam,hidden,hidden,social media,ug,civil,no_career_issue,it internship,python,online,weekend,2025-12-20,sandra,1,60000,2022,not joined,high fee,2025,12
1109,hidden,ramanattukara,hidden,hidden,reference,ug,other,no_career_issue,job oriented course,mern,online,morning,2025-04-13,baiju,1,12500,2025,not joined,joined other institude,2025,4
1110,hidden,nadakkavu,hidden,hidden,reference,ug,other,career gap,job oriented course,python,online,morning,2025-02-02,sivaprasad,1,60000,2020,not joined,not impressed,2025,2
1111,hidden,medical college,hidden,hidden,google,diploma,commerce,no_career_issue,others,data science,online,morning,2025-10-21,monish,2,60000,2021,not joined,suspected,2025,10
1112,hidden,malappuram,hidden,hidden,others,ug,computer science,no_career_issue,short term course,python,offline,morning,2025-04-11,anupama,2,60000,2020,not joined,not okay,2025,4
1113,hidden,vadakara,hidden,hidden,social media,ug,computer science,career gap,short term course,python,offline,morning,2025-04-03,baiju,1,60000,2023,not joined,not interested,2025,4
1114,hidden,chevayur,hidden,hidden,others,pg,electronics,non it background,job oriented course,data science,offline,weekend,2025-03-04,baiju,1,35000,2020,not joined,not okay,2025,3
1115,hidden,nilambur,hidden,hidden,others,ug,mechanical,career gap,work experience,python,offline,evening,2025-07-08,baiju,4,60000,2022,not joined,joined other institude,2025,7
1116,hidden,malappuram,hidden,hidden,reference,diploma,mechanical,no_career_issue,short term course,data science,offline,afternoon,2025-12-23,baiju,1,35000,2020,not joined,not interested,2025,12
1117,hidden,kozhikode,hidden,hidden,social media,ug,commerce,career gap,it internship,data science,offline,evening,2025-02-18,baiju,3,60000,2020,not joined,joined other institude,2025,2
1118,hidden,westhill,hidden,hidden,social media,ug,computer science,non it background,it internship,data science,offline,afternoon,2025-04-14,sivaprasad,1,60000,2022,not joined,not interested,2025,4
1119,hidden,tanur,hidden,hidden,social media,ug,computer science,career gap,work experience,mern,offline,afternoon,2025-05-09,sandra,2,60000,2025,not joined,high fee,2025,5
1120,hidden,chevayur,hidden,hidden,reference,ug,civil,career gap,it internship,ai,offline,afternoon,2025-10-22,lekha,2,60000,2021,joined,not impressed,2025,10
1121,hidden,tanur,hidden,hidden,social media,ug,mechanical,no_career_issue,it internship,flutter,hybrid,morning,2025-04-04,baiju,2,60000,2024,not joined,not okay,2025,4
1122,hidden,kannur,hidden,hidden,social media,plus 2,other,no_career_issue,it internship,python,offline,morning,2025-12-13,sandra,2,60000,2023,not joined,suspected,2025,12
1123,hidden,ernakulam,hidden,hidden,social media,ug,electronics,no_career_issue,it internship,mern,offline,morning,2025-09-02,sivaprasad,2,60000,2024,not joined,call not picking,2025,9
1124,hidden,pantheerankavu,hidden,hidden,social media,sslc,mechanical,no_career_issue,others,python,offline,morning,2025-11-12,baiju,2,60000,2020,not joined,call not picking,2025,11
1125,hidden,ponnani,hidden,hidden,social media,pg,commerce,career gap,work experience,mern,hybrid,evening,2025-06-09,sivaprasad,2,60000,2025,not joined,not interested,2025,6
1126,hidden,kozhikode,hidden,hidden,reference,pg,mechanical,career gap,others,python,offline,evening,2025-10-22,baiju,4,35000,2025,not joined,suspected,2025,10
1127,hidden,manjeri,hidden,hidden,social media,ug,computer science,backpapers,job oriented course,python,hybrid,morning,2025-09-09,baiju,1,60000,2025,not joined,high fee,2025,9
1128,hidden,kozhikode,hidden,hidden,reference,pg,mechanical,no_career_issue,it internship,python,online,morning,2025-12-01,baiju,1,60000,2025,not joined,joined other institude,2025,12
1129,hidden,trivandrum,hidden,hidden,social media,ug,commerce,no_career_issue,short term course,python,hybrid,afternoon,2025-12-24,rifna,1,60000,2020,not joined,not okay,2025,12
1130,hidden,tirur,hidden,hidden,google,ug,civil,no_career_issue,job oriented course,python,offline,afternoon,2025-12-11,anupama,1,60000,2023,not joined,not interested,2025,12
1131,hidden,wayanad,hidden,hidden,others,ug,civil,no_career_issue,others,mern,online,morning,2025-02-17,baiju,1,60000,2024,not joined,not interested,2025,2
1132,hidden,chaliyam,hidden,hidden,social media,ug,civil,no_career_issue,work experience,data science,offline,evening,2025-12-27,sandra,1,60000,2023,joined,not impressed,2025,12
1133,hidden,kozhikode,hidden,hidden,reference,diploma,computer science,no_career_issue,job oriented course,mern,offline,morning,2025-12-27,baiju,2,12500,2025,not joined,not interested,2025,12
1134,hidden,westhill,hidden,hidden,social media,pg,other,no_career_issue,others,data science,online,weekend,2025-12-10,monish,2,35000,2021,not joined,not interested,2025,12
1135,hidden,tanur,hidden,hidden,google,others,commerce,career gap,job oriented course,data science,offline,morning,2025-07-23,sandra,2,35000,2025,not joined,joined other institude,2025,7
1136,hidden,trivandrum,hidden,hidden,social media,ug,commerce,career gap,job oriented course,python,offline,morning,2025-03-27,rifna,3,35000,2025,not joined,not okay,2025,3
1137,hidden,kozhikode,hidden,hidden,social media,ug,civil,no_career_issue,short term course,data science,offline,morning,2025-07-13,baiju,2,60000,2022,joined,not impressed,2025,7
1138,hidden,vadakara,hidden,hidden,others,ug,civil,non it background,job oriented course,data science,hybrid,evening,2025-12-23,rifna,1,35000,2021,not joined,not okay,2025,12
1139,hidden,koyilandy,hidden,hidden,social media,pg,civil,no_career_issue,short term course,mern,offline,afternoon,2025-02-24,lekha,2,12500,2021,not joined,not okay,2025,2
1140,hidden,thrissur,hidden,hidden,social media,ug,commerce,no_career_issue,work experience,flutter,online,morning,2025-05-11,baiju,3,35000,2022,not joined,not impressed,2025,5
1141,hidden,nadakkavu,hidden,hidden,google,ug,other,no_career_issue,it internship,mern,offline,afternoon,2025-12-09,baiju,6,60000,2024,not joined,not interested,2025,12
1142,hidden,tanur,hidden,hidden,social media,ug,computer science,no_career_issue,short term course,python,offline,morning,2025-12-16,lekha,3,60000,2023,not joined,not impressed,2025,12
1143,hidden,tanur,hidden,hidden,social media,pg,civil,career gap,short term course,java,online,morning,2025-07-05,anupama,5,12500,2022,not joined,not interested,2025,7
1144,hidden,nilambur,hidden,hidden,reference,ug,mechanical,career gap,short term course,java,hybrid,afternoon,2025-07-25,baiju,1,60000,2022,not joined,suspected,2025,7
1145,hidden,tirur,hidden,hidden,google,ug,commerce,career gap,short term course,python,offline,morning,2025-02-26,baiju,1,60000,2024,joined,not impressed,2025,2
1146,hidden,kondotty,hidden,hidden,google,ug,commerce,no_career_issue,short term course,java,online,morning,2025-12-20,rifna,1,60000,2024,joined,not impressed,2025,12
1147,hidden,nadakkavu,hidden,hidden,social media,pg,other,no_career_issue,short term course,data science,hybrid,afternoon,2025-07-09,sandra,1,35000,2025,not joined,high fee,2025,7
1148,hidden,chevayur,hidden,hidden,reference,ug,civil,non it background,short term course,data science,offline,afternoon,2025-06-15,rifna,2,60000,2020,not joined,joined other institude,2025,6
1149,hidden,palakkad,hidden,hidden,social media,ug,computer science,no_career_issue,others,data science,hybrid,afternoon,2025-07-03,monish,1,60000,2025,joined,not impressed,2025,7
1150,hidden,westhill,hidden,hidden,social media,pg,commerce,no_career_issue,job oriented course,python,offline,morning,2025-07-20,monish,1,60000,2021,not joined,not okay,2025,7
1151,hidden,kozhikode,hidden,hidden,others,ug,civil,non it background,it internship,mern,online,morning,2025-02-26,baiju,2,60000,2021,not joined,call not picking,2025,2
1152,hidden,kozhikode,hidden,hidden,reference,ug,mechanical,no_career_issue,short term course,mern,offline,morning,2025-03-12,baiju,1,60000,2025,not joined,not impressed,2025,3
1153,hidden,manjeri,hidden,hidden,social media,ug,civil,non it background,it internship,java,online,morning,2025-07-11,baiju,3,60000,2021,joined,not impressed,2025,7
1154,hidden,westhill,hidden,hidden,social media,plus 2,other,no_career_issue,others,mern,hybrid,morning,2025-04-25,sivaprasad,1,35000,2025,not joined,joined other institude,2025,4
1155,hidden,ponnani,hidden,hidden,others,plus 2,computer science,non it background,short term course,java,offline,weekend,2025-04-09,baiju,1,60000,2023,not joined,suspected,2025,4
1156,hidden,palakkad,hidden,hidden,google,ug,other,no_career_issue,short term course,data science,offline,morning,2025-06-03,baiju,1,35000,2023,not joined,high fee,2025,6
1157,hidden,westhill,hidden,hidden,reference,ug,mechanical,career gap,job oriented course,python,hybrid,afternoon,2025-06-20,rifna,4,60000,2020,not joined,high fee,2025,6
1158,hidden,kottayam,hidden,hidden,reference,ug,civil,no_career_issue,work experience,java,offline,weekend,2025-06-17,baiju,2,60000,2023,not joined,not okay,2025,6
1159,hidden,chaliyam,hidden,hidden,google,ug,commerce,no_career_issue,others,python,online,morning,2025-07-23,sivaprasad,3,60000,2020,not joined,suspected,2025,7
1160,hidden,chevayur,hidden,hidden,reference,ug,other,non it background,others,python,offline,morning,2025-09-20,sandra,2,60000,2020,not joined,joined other institude,2025,9
1161,hidden,kottayam,hidden,hidden,google,ug,mechanical,non it background,short term course,mern,offline,morning,2025-08-12,sivaprasad,4,60000,2022,not joined,call not picking,2025,8
1162,hidden,tanur,hidden,hidden,social media,others,electronics,no_career_issue,others,others,online,morning,2025-09-01,baiju,1,60000,2021,joined,not impressed,2025,9
1163,hidden,trivandrum,hidden,hidden,social media,ug,other,no_career_issue,short term course,data science,online,morning,2025-11-18,sivaprasad,1,60000,2020,joined,not impressed,2025,11
1164,hidden,ramanattukara,hidden,hidden,social media,plus 2,other,no_career_issue,short term course,java,offline,morning,2025-10-07,baiju,2,60000,2023,joined,not impressed,2025,10
1165,hidden,malappuram,hidden,hidden,reference,ug,mechanical,career gap,others,python,hybrid,morning,2025-08-23,rifna,2,35000,2022,not joined,suspected,2025,8
1166,hidden,farook,hidden,hidden,social media,ug,other,career gap,job oriented course,python,offline,morning,2025-03-19,baiju,1,12500,2020,not joined,not impressed,2025,3
1167,hidden,beypore,hidden,hidden,social media,pg,commerce,no_career_issue,short term course,java,online,evening,2025-04-07,deepak,2,60000,2021,not joined,not interested,2025,4
1168,hidden,ramanattukara,hidden,hidden,reference,ug,computer science,no_career_issue,others,mern,offline,evening,2025-04-18,anupama,5,60000,2020,joined,not impressed,2025,4
1169,hidden,medical college,hidden,hidden,google,ug,computer science,no_career_issue,short term course,data science,offline,morning,2025-02-14,baiju,6,35000,2021,not joined,high fee,2025,2
1170,hidden,kozhikode,hidden,hidden,social media,ug,electronics,no_career_issue,work experience,flutter,online,morning,2025-06-03,faisal,1,60000,2025,not joined,call not picking,2025,6
1171,hidden,kozhikode,hidden,hidden,social media,ug,electronics,no_career_issue,it internship,data science,offline,weekend,2025-12-20,baiju,1,60000,2025,not joined,call not picking,2025,12
1172,hidden,farook,hidden,hidden,social media,ug,mechanical,no_career_issue,others,python,offline,afternoon,2025-08-24,deepak,2,60000,2020,not joined,call not picking,2025,8
1173,hidden,kozhikode,hidden,hidden,social media,pg,electronics,career gap,it internship,data science,offline,weekend,2025-07-26,sandra,2,35000,2020,not joined,call not picking,2025,7
1174,hidden,kozhikode,hidden,hidden,others,pg,computer science,no_career_issue,short term course,java,offline,morning,2025-05-08,sivaprasad,2,60000,2024,not joined,call not picking,2025,5
1175,hidden,palazhi,hidden,hidden,google,ug,civil,backpapers,short term course,java,offline,evening,2025-07-07,anupama,2,60000,2021,not joined,not impressed,2025,7
1176,hidden,manjeri,hidden,hidden,reference,ug,computer science,non it background,work experience,flutter,offline,afternoon,2025-07-20,baiju,1,60000,2021,not joined,joined other institude,2025,7
1177,hidden,chaliyam,hidden,hidden,social media,ug,civil,non it background,others,python,online,afternoon,2025-12-15,baiju,2,35000,2020,not joined,not interested,2025,12
1178,hidden,palakkad,hidden,hidden,social media,ug,civil,non it background,job oriented course,mern,online,morning,2025-03-07,sivaprasad,1,60000,2023,joined,not impressed,2025,3
1179,hidden,pantheerankavu,hidden,hidden,google,ug,commerce,non it background,others,python,online,evening,2025-06-12,baiju,1,60000,2021,not joined,not impressed,2025,6
1180,hidden,kondotty,hidden,hidden,social media,pg,other,non it background,job oriented course,flutter,online,morning,2025-12-06,sivaprasad,2,60000,2021,not joined,suspected,2025,12
1181,hidden,koyilandy,hidden,hidden,social media,ug,other,no_career_issue,job oriented course,python,offline,weekend,2025-03-12,baiju,1,60000,2022,joined,not impressed,2025,3
1182,hidden,palakkad,hidden,hidden,social media,pg,other,no_career_issue,short term course,python,hybrid,morning,2025-04-06,baiju,6,60000,2020,not joined,not impressed,2025,4
1183,hidden,ramanattukara,hidden,hidden,reference,ug,computer science,non it background,it internship,flutter,offline,afternoon,2025-06-13,faisal,1,60000,2022,not joined,joined other institude,2025,6
1184,hidden,kozhikode,hidden,hidden,google,sslc,electronics,backpapers,others,python,offline,morning,2025-04-18,baiju,4,60000,2025,not joined,joined other institude,2025,4
1185,hidden,medical college,hidden,hidden,others,others,computer science,no_career_issue,others,mern,offline,evening,2025-12-17,baiju,4,12500,2020,not joined,suspected,2025,12
1186,hidden,nadakkavu,hidden,hidden,reference,ug,mechanical,no_career_issue,it internship,java,offline,morning,2025-04-04,baiju,2,60000,2020,not joined,not impressed,2025,4
1187,hidden,manjeri,hidden,hidden,social media,ug,other,no_career_issue,short term course,data science,offline,morning,2025-03-21,baiju,1,60000,2023,joined,not impressed,2025,3
1188,hidden,chevayur,hidden,hidden,social media,sslc,electronics,non it background,short term course,mern,online,morning,2025-04-11,anupama,1,12500,2020,not joined,suspected,2025,4
1189,hidden,kozhikode,hidden,hidden,reference,plus 2,commerce,no_career_issue,job oriented course,data science,online,morning,2025-07-09,deepak,1,60000,2024,not joined,not impressed,2025,7
1190,hidden,westhill,hidden,hidden,social media,pg,other,no_career_issue,job oriented course,mern,offline,afternoon,2025-06-10,baiju,6,60000,2022,joined,not impressed,2025,6
1191,hidden,palakkad,hidden,hidden,social media,ug,other,backpapers,others,web designing,offline,morning,2025-04-08,baiju,2,60000,2022,not joined,joined other institude,2025,4
1192,hidden,kozhikode,hidden,hidden,social media,pg,mechanical,no_career_issue,job oriented course,python,online,evening,2025-12-06,faisal,3,60000,2022,not joined,not impressed,2025,12
1193,hidden,wayanad,hidden,hidden,others,ug,computer science,career gap,short term course,data science,offline,morning,2025-01-01,monish,1,12500,2021,not joined,not interested,2025,1
1194,hidden,malappuram,hidden,hidden,social media,ug,commerce,no_career_issue,it internship,mern,online,evening,2025-04-27,lekha,1,60000,2021,not joined,suspected,2025,4
1195,hidden,manjeri,hidden,hidden,google,pg,computer science,no_career_issue,job oriented course,data science,offline,morning,2025-04-12,deepak,2,60000,2025,not joined,high fee,2025,4
1196,hidden,nadakkavu,hidden,hidden,social media,others,electronics,backpapers,others,python,offline,morning,2025-12-26,baiju,5,60000,2025,not joined,not interested,2025,12
1197,hidden,malappuram,hidden,hidden,social media,ug,other,non it background,it internship,python,offline,morning,2025-07-10,faisal,3,35000,2020,not joined,not interested,2025,7
1198,hidden,wayanad,hidden,hidden,social media,pg,other,no_career_issue,job oriented course,mern,offline,morning,2025-04-15,baiju,4,12500,2021,not joined,not impressed,2025,4
1199,hidden,ponnani,hidden,hidden,social media,ug,other,no_career_issue,others,python,offline,morning,2025-05-22,monish,1,60000,2022,not joined,not okay,2025,5
1200,hidden,nadakkavu,hidden,hidden,social media,ug,mechanical,no_career_issue,it internship,flutter,online,afternoon,2025-07-17,anupama,1,60000,2020,not joined,call not picking,2025,7
1201,hidden,kozhikode,hidden,hidden,reference,ug,commerce,career gap,work experience,mern,offline,afternoon,2025-09-05,baiju,1,60000,2020,not joined,not interested,2025,9
1202,hidden,kovoor,hidden,hidden,social media,pg,civil,no_career_issue,job oriented course,python,offline,morning,2025-05-25,baiju,2,60000,2025,joined,not impressed,2025,5
1203,hidden,nadakkavu,hidden,hidden,social media,ug,computer science,non it background,others,mern,offline,afternoon,2025-04-21,sandra,1,60000,2021,joined,not impressed,2025,4
1204,hidden,kondotty,hidden,hidden,social media,ug,commerce,no_career_issue,it internship,python,offline,weekend,2025-09-25,baiju,2,60000,2023,joined,not impressed,2025,9
1205,hidden,westhill,hidden,hidden,google,ug,civil,no_career_issue,work experience,data science,hybrid,morning,2025-12-08,baiju,5,60000,2025,not joined,high fee,2025,12
1206,hidden,kozhikode,hidden,hidden,social media,ug,computer science,no_career_issue,work experience,python,offline,morning,2025-06-21,monish,5,60000,2022,not joined,not interested,2025,6
1207,hidden,palazhi,hidden,hidden,google,pg,computer science,no_career_issue,work experience,java,offline,morning,2025-10-06,monish,2,60000,2020,not joined,joined other institude,2025,10
1208,hidden,palakkad,hidden,hidden,reference,pg,electronics,no_career_issue,others,data science,offline,morning,2025-12-05,lekha,2,12500,2022,not joined,not impressed,2025,12
1209,hidden,kozhikode,hidden,hidden,others,pg,other,career gap,others,data science,online,morning,2025-08-05,sandra,6,60000,2023,not joined,not interested,2025,8
1210,hidden,palakkad,hidden,hidden,google,ug,commerce,no_career_issue,it internship,mern,offline,afternoon,2025-12-08,faisal,3,60000,2022,not joined,call not picking,2025,12
1211,hidden,ponnani,hidden,hidden,google,ug,civil,no_career_issue,it internship,mern,offline,morning,2025-05-05,baiju,1,12500,2022,not joined,joined other institude,2025,5
1212,hidden,wayanad,hidden,hidden,social media,ug,commerce,no_career_issue,it internship,mern,offline,morning,2025-01-18,anupama,1,60000,2023,joined,not impressed,2025,1
1213,hidden,kannur,hidden,hidden,others,pg,other,career gap,short term course,data science,offline,morning,2025-05-27,monish,6,60000,2021,not joined,joined other institude,2025,5
1214,hidden,westhill,hidden,hidden,social media,ug,computer science,backpapers,short term course,ai,offline,morning,2025-06-15,baiju,1,60000,2024,not joined,call not picking,2025,6
1215,hidden,chevayur,hidden,hidden,google,pg,civil,backpapers,others,mern,online,morning,2025-07-24,baiju,3,60000,2024,not joined,not impressed,2025,7
1216,hidden,medical college,hidden,hidden,social media,sslc,civil,no_career_issue,short term course,data science,hybrid,morning,2025-10-18,baiju,4,60000,2023,not joined,call not picking,2025,10
1217,hidden,thrissur,hidden,hidden,social media,ug,computer science,no_career_issue,work experience,python,offline,evening,2025-08-06,baiju,4,35000,2021,not joined,call not picking,2025,8
1218,hidden,beypore,hidden,hidden,reference,plus 2,electronics,no_career_issue,job oriented course,flutter,online,morning,2025-12-11,lekha,1,35000,2020,not joined,not impressed,2025,12
1219,hidden,westhill,hidden,hidden,google,pg,mechanical,career gap,it internship,python,offline,morning,2025-07-21,baiju,1,12500,2022,not joined,not interested,2025,7
1220,hidden,westhill,hidden,hidden,social media,plus 2,computer science,non it background,others,python,online,morning,2025-02-21,baiju,2,35000,2024,not joined,not interested,2025,2
1221,hidden,manjeri,hidden,hidden,social media,ug,other,backpapers,job oriented course,data science,offline,afternoon,2025-03-27,baiju,1,60000,2020,joined,not impressed,2025,3
1222,hidden,malappuram,hidden,hidden,others,ug,civil,no_career_issue,it internship,data science,offline,morning,2025-09-11,baiju,1,60000,2024,not joined,suspected,2025,9
1223,hidden,kozhikode,hidden,hidden,google,ug,civil,career gap,work experience,data science,online,morning,2025-03-02,baiju,1,60000,2021,not joined,not interested,2025,3
1224,hidden,westhill,hidden,hidden,social media,ug,commerce,no_career_issue,work experience,python,hybrid,morning,2025-02-27,baiju,2,60000,2025,not joined,joined other institude,2025,2
1225,hidden,wayanad,hidden,hidden,google,pg,electronics,no_career_issue,job oriented course,mern,online,afternoon,2025-12-27,sandra,2,60000,2021,joined,not impressed,2025,12
1226,hidden,kozhikode,hidden,hidden,social media,others,computer science,no_career_issue,it internship,java,offline,evening,2025-11-21,baiju,1,35000,2024,not joined,call not picking,2025,11
1227,hidden,kozhikode,hidden,hidden,social media,pg,electronics,career gap,it internship,mern,offline,evening,2025-12-12,baiju,1,60000,2024,not joined,not okay,2025,12
1228,hidden,palakkad,hidden,hidden,reference,others,electronics,career gap,it internship,python,hybrid,evening,2025-12-24,faisal,1,60000,2022,not joined,not impressed,2025,12
1229,hidden,kondotty,hidden,hidden,reference,ug,computer science,no_career_issue,it internship,python,hybrid,morning,2025-03-13,baiju,3,60000,2023,not joined,joined other institude,2025,3
1230,hidden,nadakkavu,hidden,hidden,social media,ug,computer science,career gap,others,python,offline,morning,2025-12-09,monish,2,12500,2025,not joined,not interested,2025,12
1231,hidden,nadakkavu,hidden,hidden,social media,ug,electronics,no_career_issue,it internship,mern,online,afternoon,2025-09-27,baiju,2,60000,2020,joined,not impressed,2025,9
1232,hidden,medical college,hidden,hidden,social media,ug,commerce,career gap,short term course,data science,offline,evening,2025-01-20,baiju,3,12500,2024,not joined,high fee,2025,1
1233,hidden,pantheerankavu,hidden,hidden,social media,ug,electronics,no_career_issue,work experience,data science,offline,morning,2025-04-25,baiju,5,60000,2021,joined,not impressed,2025,4
1234,hidden,tirur,hidden,hidden,social media,ug,civil,no_career_issue,job oriented course,java,offline,morning,2025-07-21,deepak,1,60000,2020,joined,not impressed,2025,7
1235,hidden,kottayam,hidden,hidden,social media,ug,other,no_career_issue,short term course,data science,offline,weekend,2025-12-23,baiju,1,60000,2022,not joined,joined other institude,2025,12
1236,hidden,chevayur,hidden,hidden,social media,ug,commerce,backpapers,it internship,python,offline,morning,2025-03-12,sivaprasad,3,60000,2023,not joined,joined other institude,2025,3
1237,hidden,nadakkavu,hidden,hidden,google,ug,commerce,non it background,others,flutter,online,afternoon,2025-12-11,sivaprasad,1,60000,2024,joined,not impressed,2025,12
1238,hidden,vadakara,hidden,hidden,social media,ug,other,career gap,others,testing,offline,morning,2025-02-12,baiju,2,60000,2022,joined,not impressed,2025,2
1239,hidden,wayanad,hidden,hidden,reference,ug,other,no_career_issue,it internship,mern,offline,morning,2025-09-04,faisal,4,60000,2022,not joined,joined other institude,2025,9
1240,hidden,chevayur,hidden,hidden,social media,ug,electronics,career gap,it internship,mern,hybrid,morning,2025-05-13,baiju,2,60000,2020,not joined,joined other institude,2025,5
1241,hidden,nilambur,hidden,hidden,social media,pg,commerce,backpapers,job oriented course,java,offline,morning,2025-06-03,rifna,1,60000,2020,joined,not impressed,2025,6
1242,hidden,palakkad,hidden,hidden,social media,ug,computer science,non it background,work experience,ai,offline,morning,2025-08-22,deepak,1,60000,2022,not joined,not okay,2025,8
1243,hidden,vadakara,hidden,hidden,reference,plus 2,mechanical,career gap,it internship,flutter,online,afternoon,2025-06-16,baiju,1,60000,2022,not joined,call not picking,2025,6
1244,hidden,chevayur,hidden,hidden,reference,ug,civil,no_career_issue,work experience,python,online,afternoon,2025-09-18,sandra,1,12500,2023,not joined,not okay,2025,9
1245,hidden,chevayur,hidden,hidden,social media,ug,mechanical,career gap,others,python,offline,afternoon,2025-10-03,monish,1,60000,2020,not joined,not okay,2025,10
1246,hidden,pantheerankavu,hidden,hidden,reference,pg,civil,no_career_issue,others,data science,offline,weekend,2025-12-12,anupama,1,60000,2023,joined,not impressed,2025,12
1247,hidden,kondotty,hidden,hidden,social media,pg,other,no_career_issue,job oriented course,ai,offline,evening,2025-06-07,monish,1,60000,2022,not joined,not interested,2025,6
1248,hidden,chaliyam,hidden,hidden,social media,ug,commerce,no_career_issue,short term course,ai,offline,morning,2025-11-14,baiju,3,60000,2025,not joined,not impressed,2025,11
1249,hidden,kottayam,hidden,hidden,google,ug,civil,career gap,work experience,ai,offline,afternoon,2025-10-15,baiju,2,60000,2020,not joined,high fee,2025,10
1250,hidden,vadakara,hidden,hidden,social media,pg,other,no_career_issue,work experience,web designing,hybrid,afternoon,2025-12-21,lekha,1,60000,2022,not joined,not okay,2025,12
1251,hidden,ernakulam,hidden,hidden,social media,ug,commerce,non it background,short term course,python,hybrid,evening,2025-02-27,baiju,1,60000,2022,joined,not impressed,2025,2
1252,hidden,palazhi,hidden,hidden,others,ug,commerce,no_career_issue,short term course,java,offline,morning,2025-05-14,lekha,2,60000,2024,not joined,call not picking,2025,5
1253,hidden,chevayur,hidden,hidden,social media,plus 2,other,non it background,others,java,offline,morning,2025-07-21,baiju,1,35000,2025,not joined,call not picking,2025,7
1254,hidden,kottayam,hidden,hidden,reference,ug,other,no_career_issue,others,mern,offline,morning,2025-11-18,monish,6,12500,2022,not joined,not okay,2025,11
1255,hidden,malappuram,hidden,hidden,social media,ug,mechanical,no_career_issue,short term course,python,hybrid,afternoon,2025-05-06,sandra,1,60000,2020,joined,not impressed,2025,5
1256,hidden,kozhikode,hidden,hidden,social media,ug,other,non it background,it internship,data science,offline,morning,2025-01-16,baiju,3,60000,2023,not joined,suspected,2025,1
1257,hidden,malappuram,hidden,hidden,others,ug,mechanical,no_career_issue,work experience,mern,offline,morning,2025-09-24,baiju,3,60000,2023,not joined,suspected,2025,9
1258,hidden,ramanattukara,hidden,hidden,reference,sslc,mechanical,no_career_issue,job oriented course,data science,hybrid,weekend,2025-05-12,deepak,2,60000,2021,joined,not impressed,2025,5
1259,hidden,koyilandy,hidden,hidden,google,plus 2,other,no_career_issue,others,python,offline,afternoon,2025-02-24,faisal,4,60000,2025,joined,not impressed,2025,2
1260,hidden,nadakkavu,hidden,hidden,social media,ug,computer science,no_career_issue,short term course,flutter,online,afternoon,2025-04-22,monish,3,60000,2021,joined,not impressed,2025,4
1261,hidden,nadakkavu,hidden,hidden,others,ug,computer science,no_career_issue,others,mern,hybrid,morning,2025-12-14,deepak,5,60000,2024,not joined,suspected,2025,12
1262,hidden,beypore,hidden,hidden,social media,ug,commerce,career gap,job oriented course,mern,offline,evening,2025-11-19,baiju,6,35000,2023,not joined,not impressed,2025,11
1263,hidden,kozhikode,hidden,hidden,reference,ug,electronics,non it background,it internship,python,offline,morning,2025-07-02,baiju,3,60000,2024,not joined,not okay,2025,7
1264,hidden,nadakkavu,hidden,hidden,social media,ug,other,no_career_issue,job oriented course,java,offline,morning,2025-07-18,baiju,1,60000,2025,joined,not impressed,2025,7
1265,hidden,chaliyam,hidden,hidden,google,ug,electronics,no_career_issue,short term course,python,offline,morning,2025-06-09,sivaprasad,5,60000,2020,not joined,joined other institude,2025,6
1266,hidden,trivandrum,hidden,hidden,social media,ug,other,career gap,work experience,data science,online,morning,2025-10-04,baiju,3,60000,2022,not joined,suspected,2025,10
1267,hidden,tirur,hidden,hidden,google,ug,commerce,non it background,job oriented course,python,online,morning,2025-02-27,faisal,2,60000,2022,not joined,call not picking,2025,2
1268,hidden,palakkad,hidden,hidden,social media,ug,other,no_career_issue,it internship,ai,offline,morning,2025-09-18,baiju,2,60000,2021,not joined,joined other institude,2025,9
1269,hidden,chaliyam,hidden,hidden,social media,ug,mechanical,no_career_issue,others,data science,offline,afternoon,2025-04-22,baiju,1,12500,2024,not joined,high fee,2025,4
1270,hidden,ernakulam,hidden,hidden,reference,ug,commerce,no_career_issue,work experience,mern,online,morning,2025-07-20,anupama,1,60000,2021,joined,not impressed,2025,7
1271,hidden,medical college,hidden,hidden,social media,sslc,computer science,no_career_issue,others,mern,hybrid,morning,2025-08-09,baiju,1,35000,2022,not joined,high fee,2025,8
1272,hidden,kozhikode,hidden,hidden,others,ug,electronics,career gap,work experience,java,online,morning,2025-04-03,baiju,1,35000,2021,not joined,suspected,2025,4
1273,hidden,westhill,hidden,hidden,reference,ug,other,backpapers,job oriented course,testing,offline,afternoon,2025-06-18,sivaprasad,1,60000,2025,joined,not impressed,2025,6
1274,hidden,tirur,hidden,hidden,google,ug,electronics,non it background,job oriented course,mern,offline,weekend,2025-07-27,sandra,5,35000,2023,not joined,not okay,2025,7
1275,hidden,kunnamangalam,hidden,hidden,social media,ug,civil,no_career_issue,work experience,data science,offline,morning,2025-12-12,anupama,2,35000,2022,not joined,not interested,2025,12
1276,hidden,chaliyam,hidden,hidden,social media,sslc,other,no_career_issue,job oriented course,python,online,morning,2025-11-23,monish,2,12500,2020,not joined,suspected,2025,11
1277,hidden,kottayam,hidden,hidden,reference,pg,commerce,no_career_issue,job oriented course,mern,hybrid,afternoon,2025-12-12,monish,3,35000,2020,not joined,not impressed,2025,12
1278,hidden,westhill,hidden,hidden,google,ug,electronics,career gap,work experience,python,online,weekend,2025-12-25,baiju,2,60000,2023,joined,not impressed,2025,12
1279,hidden,chevayur,hidden,hidden,social media,sslc,electronics,no_career_issue,others,mern,hybrid,afternoon,2025-05-14,baiju,2,60000,2024,not joined,high fee,2025,5
1280,hidden,trivandrum,hidden,hidden,reference,pg,civil,backpapers,short term course,mern,offline,morning,2025-02-14,baiju,2,60000,2024,joined,not impressed,2025,2
1281,hidden,wayanad,hidden,hidden,social media,ug,computer science,no_career_issue,job oriented course,ai,online,morning,2025-12-09,baiju,6,60000,2024,not joined,suspected,2025,12
1282,hidden,kannur,hidden,hidden,social media,ug,commerce,non it background,work experience,python,offline,morning,2025-09-16,rifna,2,60000,2025,not joined,suspected,2025,9
1283,hidden,trivandrum,hidden,hidden,google,pg,computer science,non it background,job oriented course,data science,offline,evening,2025-10-04,monish,2,60000,2024,not joined,high fee,2025,10
1284,hidden,chevayur,hidden,hidden,social media,diploma,other,non it background,others,data science,offline,afternoon,2025-11-26,monish,6,60000,2024,not joined,not okay,2025,11
1285,hidden,chevayur,hidden,hidden,google,ug,electronics,no_career_issue,short term course,flutter,online,evening,2025-12-11,baiju,2,12500,2023,not joined,not okay,2025,12
1286,hidden,medical college,hidden,hidden,social media,ug,electronics,no_career_issue,it internship,python,offline,morning,2025-03-08,sandra,5,35000,2024,not joined,joined other institude,2025,3
1287,hidden,manjeri,hidden,hidden,reference,pg,electronics,no_career_issue,others,data science,offline,afternoon,2025-06-02,baiju,4,60000,2022,not joined,call not picking,2025,6
1288,hidden,palakkad,hidden,hidden,social media,pg,electronics,non it background,others,data science,hybrid,morning,2025-07-07,baiju,2,60000,2025,joined,not impressed,2025,7
1289,hidden,kozhikode,hidden,hidden,social media,ug,electronics,career gap,others,python,offline,weekend,2025-12-13,faisal,1,60000,2023,not joined,not impressed,2025,12
1290,hidden,kozhikode,hidden,hidden,social media,ug,other,backpapers,others,mern,offline,morning,2025-06-22,faisal,1,12500,2023,not joined,call not picking,2025,6
1291,hidden,vadakara,hidden,hidden,reference,ug,computer science,no_career_issue,job oriented course,python,offline,evening,2025-07-15,baiju,2,60000,2020,not joined,call not picking,2025,7
1292,hidden,ernakulam,hidden,hidden,social media,plus 2,electronics,non it background,short term course,python,hybrid,afternoon,2025-05-01,lekha,2,35000,2022,not joined,high fee,2025,5
1293,hidden,trivandrum,hidden,hidden,social media,ug,other,no_career_issue,short term course,mern,offline,afternoon,2025-12-10,baiju,4,35000,2024,not joined,call not picking,2025,12
1294,hidden,tirur,hidden,hidden,social media,ug,other,career gap,job oriented course,data science,offline,evening,2025-11-16,rifna,3,60000,2025,joined,not impressed,2025,11
1295,hidden,westhill,hidden,hidden,google,pg,civil,no_career_issue,short term course,java,offline,evening,2025-05-24,baiju,1,60000,2024,not joined,high fee,2025,5
1296,hidden,pantheerankavu,hidden,hidden,others,ug,electronics,no_career_issue,it internship,java,hybrid,morning,2025-02-23,baiju,1,60000,2020,joined,not impressed,2025,2
1297,hidden,chevayur,hidden,hidden,social media,plus 2,civil,non it background,short term course,data science,offline,morning,2025-09-12,monish,1,35000,2023,not joined,not okay,2025,9
1298,hidden,trivandrum,hidden,hidden,google,ug,electronics,non it background,job oriented course,mern,offline,morning,2025-03-10,rifna,1,60000,2022,not joined,high fee,2025,3
1299,hidden,chaliyam,hidden,hidden,social media,ug,civil,no_career_issue,others,python,offline,weekend,2025-11-27,faisal,5,60000,2024,joined,not impressed,2025,11
1300,hidden,kozhikode,hidden,hidden,social media,others,mechanical,non it background,it internship,mern,offline,afternoon,2025-12-18,deepak,1,35000,2022,not joined,not interested,2025,12
1301,hidden,westhill,hidden,hidden,social media,ug,electronics,career gap,job oriented course,python,offline,morning,2025-06-07,faisal,2,12500,2022,not joined,joined other institude,2025,6
1302,hidden,kozhikode,hidden,hidden,social media,pg,computer science,no_career_issue,others,python,offline,morning,2025-07-01,sandra,2,60000,2023,not joined,joined other institude,2025,7
1303,hidden,nadakkavu,hidden,hidden,social media,diploma,computer science,no_career_issue,work experience,python,offline,afternoon,2025-12-13,lekha,2,60000,2021,not joined,suspected,2025,12
1304,hidden,medical college,hidden,hidden,social media,ug,mechanical,no_career_issue,others,python,offline,morning,2025-07-13,deepak,6,60000,2023,not joined,not impressed,2025,7
1305,hidden,tanur,hidden,hidden,social media,pg,electronics,career gap,work experience,data science,offline,morning,2025-05-15,baiju,3,60000,2021,joined,not impressed,2025,5
1306,hidden,ernakulam,hidden,hidden,google,pg,other,non it background,work experience,python,hybrid,morning,2025-07-01,baiju,1,60000,2024,not joined,not interested,2025,7
1307,hidden,ramanattukara,hidden,hidden,reference,pg,electronics,no_career_issue,job oriented course,flutter,offline,afternoon,2025-07-15,sivaprasad,3,35000,2022,not joined,joined other institude,2025,7
1308,hidden,kozhikode,hidden,hidden,social media,ug,mechanical,career gap,job oriented course,python,offline,evening,2025-07-03,baiju,2,60000,2025,not joined,not impressed,2025,7
1309,hidden,tirur,hidden,hidden,social media,ug,mechanical,backpapers,others,mern,offline,morning,2025-08-19,sivaprasad,2,60000,2024,not joined,not impressed,2025,8
1310,hidden,malappuram,hidden,hidden,reference,ug,mechanical,no_career_issue,job oriented course,mern,offline,evening,2025-09-18,sivaprasad,3,60000,2020,joined,not impressed,2025,9
1311,hidden,kannur,hidden,hidden,social media,ug,civil,non it background,work experience,python,offline,morning,2025-05-24,sivaprasad,6,60000,2021,not joined,not okay,2025,5
1312,hidden,beypore,hidden,hidden,reference,sslc,computer science,backpapers,others,mern,offline,morning,2025-04-12,baiju,2,60000,2025,not joined,call not picking,2025,4
1313,hidden,thrissur,hidden,hidden,reference,others,other,no_career_issue,work experience,mern,online,morning,2025-12-05,baiju,5,60000,2023,not joined,not okay,2025,12
1314,hidden,chaliyam,hidden,hidden,social media,ug,mechanical,no_career_issue,it internship,flutter,offline,morning,2025-12-11,baiju,4,35000,2025,not joined,call not picking,2025,12
1315,hidden,pantheerankavu,hidden,hidden,social media,ug,commerce,no_career_issue,others,mern,online,morning,2025-05-20,faisal,4,60000,2023,not joined,not impressed,2025,5
1316,hidden,kondotty,hidden,hidden,others,ug,computer science,no_career_issue,job oriented course,flutter,online,afternoon,2025-01-05,rifna,1,60000,2020,joined,not impressed,2025,1
1317,hidden,kozhikode,hidden,hidden,social media,pg,computer science,non it background,it internship,mern,hybrid,morning,2025-01-02,baiju,3,60000,2022,joined,not impressed,2025,1
1318,hidden,kozhikode,hidden,hidden,social media,pg,computer science,career gap,others,data science,offline,morning,2025-12-17,anupama,1,60000,2025,not joined,not impressed,2025,12
1319,hidden,malappuram,hidden,hidden,social media,ug,other,career gap,short term course,mern,offline,morning,2025-04-16,baiju,1,60000,2021,not joined,not impressed,2025,4
1320,hidden,kunnamangalam,hidden,hidden,others,ug,mechanical,no_career_issue,short term course,java,online,morning,2025-08-06,baiju,2,35000,2024,not joined,not okay,2025,8
1321,hidden,chevayur,hidden,hidden,social media,ug,electronics,no_career_issue,short term course,python,offline,evening,2025-07-09,baiju,6,35000,2021,not joined,high fee,2025,7
1322,hidden,kondotty,hidden,hidden,social media,ug,other,no_career_issue,job oriented course,mern,online,morning,2025-12-14,baiju,1,12500,2021,not joined,not impressed,2025,12
1323,hidden,tanur,hidden,hidden,social media,sslc,mechanical,no_career_issue,job oriented course,mern,offline,afternoon,2025-12-07,baiju,2,60000,2025,joined,not impressed,2025,12
1324,hidden,beypore,hidden,hidden,google,ug,commerce,career gap,short term course,python,offline,afternoon,2025-07-20,rifna,2,60000,2024,joined,not impressed,2025,7
1325,hidden,westhill,hidden,hidden,social media,ug,computer science,no_career_issue,work experience,python,offline,morning,2025-04-27,lekha,2,12500,2024,not joined,not impressed,2025,4
1326,hidden,palazhi,hidden,hidden,social media,pg,mechanical,no_career_issue,others,mern,offline,weekend,2025-04-26,sivaprasad,2,60000,2022,not joined,joined other institude,2025,4
1327,hidden,westhill,hidden,hidden,others,plus 2,commerce,no_career_issue,work experience,python,offline,morning,2025-12-13,rifna,3,35000,2024,not joined,call not picking,2025,12
1328,hidden,kozhikode,hidden,hidden,social media,ug,commerce,no_career_issue,others,mern,offline,morning,2025-04-15,anupama,1,60000,2022,not joined,not impressed,2025,4
1329,hidden,kozhikode,hidden,hidden,google,ug,other,no_career_issue,others,java,online,morning,2025-12-10,baiju,3,60000,2024,not joined,call not picking,2025,12
1330,hidden,westhill,hidden,hidden,social media,ug,mechanical,backpapers,it internship,python,offline,afternoon,2025-04-15,faisal,1,60000,2021,not joined,not okay,2025,4
1331,hidden,kozhikode,hidden,hidden,social media,pg,civil,non it background,short term course,data science,offline,afternoon,2025-12-03,faisal,1,35000,2022,not joined,suspected,2025,12
1332,hidden,ponnani,hidden,hidden,social media,ug,electronics,backpapers,work experience,testing,offline,morning,2025-02-23,baiju,1,60000,2024,joined,not impressed,2025,2
1333,hidden,westhill,hidden,hidden,social media,diploma,computer science,career gap,job oriented course,python,offline,morning,2025-04-11,baiju,4,60000,2022,not joined,not impressed,2025,4
1334,hidden,nadakkavu,hidden,hidden,others,ug,mechanical,non it background,job oriented course,data science,offline,morning,2025-04-18,baiju,1,12500,2020,not joined,not interested,2025,4
1335,hidden,malappuram,hidden,hidden,google,pg,computer science,no_career_issue,job oriented course,python,offline,evening,2025-04-21,faisal,1,60000,2024,not joined,high fee,2025,4
1336,hidden,nadakkavu,hidden,hidden,social media,ug,civil,no_career_issue,short term course,data science,offline,evening,2025-08-06,anupama,4,60000,2022,joined,not impressed,2025,8
1337,hidden,nadakkavu,hidden,hidden,social media,ug,mechanical,career gap,job oriented course,java,offline,morning,2025-12-26,faisal,1,60000,2024,not joined,not interested,2025,12
1338,hidden,kozhikode,hidden,hidden,social media,ug,other,no_career_issue,work experience,mern,offline,morning,2025-10-17,sandra,1,35000,2022,not joined,high fee,2025,10
1339,hidden,kozhikode,hidden,hidden,reference,ug,mechanical,career gap,work experience,mern,offline,weekend,2025-10-06,sandra,6,60000,2022,not joined,call not picking,2025,10
1340,hidden,koyilandy,hidden,hidden,social media,ug,other,no_career_issue,job oriented course,python,offline,evening,2025-05-14,baiju,2,35000,2022,not joined,call not picking,2025,5
1341,hidden,manjeri,hidden,hidden,google,ug,computer science,non it background,job oriented course,python,offline,evening,2025-07-19,baiju,1,60000,2022,not joined,not interested,2025,7
1342,hidden,pantheerankavu,hidden,hidden,social media,plus 2,civil,backpapers,work experience,python,hybrid,afternoon,2025-09-12,baiju,2,60000,2023,not joined,joined other institude,2025,9
1343,hidden,wayanad,hidden,hidden,social media,ug,other,career gap,work experience,python,online,morning,2025-05-08,baiju,1,60000,2020,not joined,high fee,2025,5
1344,hidden,thrissur,hidden,hidden,social media,ug,other,no_career_issue,others,mern,offline,evening,2025-12-07,sandra,2,60000,2025,not joined,high fee,2025,12
1345,hidden,nilambur,hidden,hidden,others,ug,other,no_career_issue,job oriented course,mern,online,afternoon,2025-06-01,faisal,3,60000,2025,not joined,joined other institude,2025,6
1346,hidden,chaliyam,hidden,hidden,reference,ug,civil,no_career_issue,work experience,java,hybrid,morning,2025-05-08,baiju,4,12500,2024,not joined,not okay,2025,5
1347,hidden,kozhikode,hidden,hidden,social media,pg,civil,non it background,it internship,java,offline,morning,2025-07-15,baiju,1,12500,2024,not joined,not interested,2025,7
1348,hidden,kovoor,hidden,hidden,reference,diploma,mechanical,no_career_issue,job oriented course,mern,hybrid,morning,2025-11-18,baiju,1,60000,2024,not joined,not interested,2025,11
1349,hidden,kovoor,hidden,hidden,reference,ug,other,backpapers,work experience,data science,offline,afternoon,2025-06-21,anupama,1,60000,2020,joined,not impressed,2025,6
1350,hidden,tirur,hidden,hidden,social media,sslc,mechanical,no_career_issue,work experience,python,offline,weekend,2025-11-23,anupama,1,60000,2023,not joined,not interested,2025,11
1351,hidden,westhill,hidden,hidden,social media,pg,civil,non it background,it internship,python,offline,morning,2025-11-03,baiju,4,60000,2021,not joined,call not picking,2025,11
1352,hidden,chevayur,hidden,hidden,social media,ug,commerce,non it background,work experience,flutter,offline,afternoon,2025-12-19,baiju,1,60000,2021,not joined,not interested,2025,12
1353,hidden,kottayam,hidden,hidden,reference,sslc,electronics,no_career_issue,work experience,data science,hybrid,afternoon,2025-04-18,baiju,1,12500,2022,not joined,call not picking,2025,4
1354,hidden,trivandrum,hidden,hidden,reference,ug,mechanical,non it background,short term course,flutter,hybrid,morning,2025-09-17,baiju,3,60000,2021,not joined,not impressed,2025,9
1355,hidden,kozhikode,hidden,hidden,social media,ug,electronics,no_career_issue,short term course,mern,offline,afternoon,2025-06-19,baiju,5,60000,2025,not joined,joined other institude,2025,6
1356,hidden,kozhikode,hidden,hidden,social media,ug,computer science,career gap,others,mern,offline,evening,2025-06-23,rifna,6,60000,2024,not joined,suspected,2025,6
1357,hidden,kondotty,hidden,hidden,social media,ug,mechanical,no_career_issue,others,data science,online,morning,2025-11-15,baiju,4,60000,2024,not joined,not okay,2025,11
1358,hidden,chevayur,hidden,hidden,social media,pg,electronics,no_career_issue,work experience,java,offline,afternoon,2025-05-24,baiju,2,60000,2021,not joined,not interested,2025,5
1359,hidden,chevayur,hidden,hidden,google,ug,commerce,no_career_issue,it internship,data science,offline,morning,2025-11-18,rifna,2,35000,2025,not joined,not interested,2025,11
1360,hidden,tirur,hidden,hidden,google,diploma,commerce,career gap,job oriented course,mern,hybrid,morning,2025-04-04,sandra,1,60000,2020,not joined,high fee,2025,4
1361,hidden,kozhikode,hidden,hidden,reference,ug,mechanical,no_career_issue,it internship,python,offline,weekend,2025-04-06,lekha,1,60000,2024,not joined,high fee,2025,4
1362,hidden,manjeri,hidden,hidden,social media,ug,commerce,backpapers,it internship,testing,offline,evening,2025-06-27,deepak,2,12500,2022,not joined,not okay,2025,6
1363,hidden,kottayam,hidden,hidden,social media,ug,electronics,no_career_issue,job oriented course,java,offline,morning,2025-06-26,baiju,1,60000,2020,joined,not impressed,2025,6
1364,hidden,pantheerankavu,hidden,hidden,social media,ug,commerce,no_career_issue,short term course,python,hybrid,evening,2025-04-07,baiju,1,60000,2023,not joined,not impressed,2025,4
1365,hidden,kovoor,hidden,hidden,social media,ug,civil,no_career_issue,it internship,data science,offline,morning,2025-04-15,monish,2,60000,2022,not joined,suspected,2025,4
1366,hidden,vadakara,hidden,hidden,social media,ug,mechanical,career gap,job oriented course,java,offline,morning,2025-05-14,rifna,4,60000,2021,joined,not impressed,2025,5
1367,hidden,medical college,hidden,hidden,social media,ug,mechanical,no_career_issue,short term course,java,offline,morning,2025-12-21,baiju,1,60000,2021,joined,not impressed,2025,12
1368,hidden,nadakkavu,hidden,hidden,social media,ug,mechanical,backpapers,job oriented course,web designing,online,afternoon,2025-04-01,rifna,2,12500,2023,not joined,not impressed,2025,4
1369,hidden,nadakkavu,hidden,hidden,social media,ug,civil,no_career_issue,work experience,python,hybrid,morning,2025-06-25,baiju,1,12500,2023,not joined,high fee,2025,6
1370,hidden,pantheerankavu,hidden,hidden,google,ug,mechanical,no_career_issue,job oriented course,mern,offline,morning,2025-08-17,baiju,1,12500,2025,not joined,not interested,2025,8
1371,hidden,kozhikode,hidden,hidden,social media,ug,commerce,non it background,others,data science,offline,weekend,2025-12-22,monish,5,12500,2021,not joined,suspected,2025,12
1372,hidden,medical college,hidden,hidden,social media,ug,computer science,no_career_issue,it internship,data science,offline,afternoon,2025-02-18,rifna,1,35000,2023,not joined,call not picking,2025,2
1373,hidden,ernakulam,hidden,hidden,google,pg,other,no_career_issue,it internship,mern,offline,morning,2025-07-11,baiju,1,60000,2023,not joined,joined other institude,2025,7
1374,hidden,chevayur,hidden,hidden,social media,plus 2,commerce,no_career_issue,work experience,web designing,offline,afternoon,2025-05-15,sandra,3,60000,2022,joined,not impressed,2025,5
1375,hidden,kunnamangalam,hidden,hidden,reference,pg,mechanical,no_career_issue,short term course,mern,online,morning,2025-09-14,baiju,1,60000,2021,joined,not impressed,2025,9
1376,hidden,manjeri,hidden,hidden,google,pg,computer science,career gap,short term course,data science,offline,afternoon,2025-07-19,anupama,2,60000,2024,joined,not impressed,2025,7
1377,hidden,kottayam,hidden,hidden,social media,sslc,other,no_career_issue,job oriented course,mern,offline,evening,2025-10-22,baiju,3,12500,2022,not joined,not impressed,2025,10
1378,hidden,kondotty,hidden,hidden,reference,ug,civil,career gap,it internship,mern,offline,morning,2025-04-19,lekha,1,60000,2020,not joined,joined other institude,2025,4
1379,hidden,nadakkavu,hidden,hidden,social media,ug,civil,no_career_issue,job oriented course,ai,hybrid,weekend,2025-08-16,baiju,2,35000,2021,not joined,high fee,2025,8
